type,name,url,poster_url,description,rating,genre,datePublished,keywords,duration,actors,director,creator
Movie,Jo Jeeta Wohi Sikandar,https://www.imdb.com/title/tt0104561/,https://m.media-amazon.com/images/M/MV5BNDFlZGJlNDQtNDJhYy00NzBkLWE3MWQtYjM0MzJiOTRjM2IyXkEyXkFqcGdeQXVyNjQ2MjQ4MzQ@._V1_.jpg,,8.1,Comedy | Drama | Romance,1992-05-22,"college,cycling,competition,bicycle race,small town",PT2H54M,Aamir Khan | Ayesha Jhulka | Deepak Tijori,Mansoor Khan,Nasir Hussain | Mansoor Khan
Movie,Beta,https://www.imdb.com/title/tt0101437/,https://m.media-amazon.com/images/M/MV5BM2UxOTQ4NDYtNTQ0OC00NmY2LWFhNDEtZjlkZTJiZjA2OTc2XkEyXkFqcGdeQXVyNjQ1MDcxNzM@._V1_.jpg,"Raju, the only heir of a millionaire, is brainwashed by his stepmother for her greed of his entire property.",6.2,Drama | Romance,1992-04-03,"villainess,stepmother stepson relationship,mother son relationship,poison,train station",PT2H51M,Anil Kapoor | Madhuri Dixit | Aruna Irani,Indra Kumar,Gyandev Agnihotri | Bhagyaraj | Rajeev Kaul
Movie,Junoon,https://www.imdb.com/title/tt0156658/,https://m.media-amazon.com/images/M/MV5BZjlkY2I0YzctZDViYy00YTcyLWI2ZmQtMmRkYzM2NjNlMmM0XkEyXkFqcGdeQXVyODE5NzE3OTE@._V1_.jpg,"Tells the story of Vikram (Rahul Roy), who after nearly getting killed by a cursed tiger starts to transform into a tiger himself every fullmoon and hunts for prey.",5.6,Drama | Horror | Musical,1992-09-18,"tiger,doctor,hunting,curse,singer",PT2H3M,Rahul Roy | Pooja Bhatt | Avinash Wadhawan,Mahesh Bhatt,Robin Bhatt
Movie,Jigar,https://www.imdb.com/title/tt0267617/,https://m.media-amazon.com/images/M/MV5BN2E0NjBlZDYtM2Q4Ni00ZTM2LWFiZDMtMmNhOTM2NjdhNDk5XkEyXkFqcGdeQXVyNjUxNTE5OTY@._V1_.jpg,"An engaging action-sport film, where a man avenges his sister&apos;s humiliation by participating in a deadly kung-fu tournament.",5.1,Action | Drama | Romance,1992-10-23,"revenge,rape,police officer,beating,showdown",PT2H41M,Ajay Devgn | Karisma Kapoor | Ajit Khan,Farogh Siddique,Veeru Devgan | Tanveer Khan | Lalit Mahajan
Movie,Mere Sajana Saath Nibhana,https://www.imdb.com/title/tt0104854/,https://m.media-amazon.com/images/M/MV5BZDFhM2VmY2UtZjlhNS00MTA3LWFlMjktYjk4ZGMxMjc0NzBiXkEyXkFqcGdeQXVyMTUxODIyNzk@._V1_.jpg,"Kanhaiya lives with his mother in a small rural town in India, and makes a living singing and dancing at wedding, birthdays, and other important ceremonies in the community along with Bhola, a young man who his mother had offered ...",4.4,Drama | Musical,1992-02-07,"marriage,temple,river,prostitute,party",PT2H21M,Mithun Chakraborty | Juhi Chawla | Shanti Priya,Rajesh Vakil,M.S. Madhu | Mehboob Sarwar
Movie,Raju Ban Gaya Gentleman,https://www.imdb.com/title/tt0173102/,https://m.media-amazon.com/images/M/MV5BNzFiYTk0ZmYtYWY3OC00MGQ1LWFjZGEtMjZmOTQyZWFjYjg2XkEyXkFqcGdeQXVyODE5NzE3OTE@._V1_.jpg,"Raju comes to Bombay chasing his dreams, but keeps losing out on opportunities. His love, Renu helps him find a job. Success goes to his head until one day a tragic accident destroys his reputation.",6.8,Comedy | Musical | Romance,1992-11-13,"builder,receptionist,engineer,compromise,darjeeling",PT2H32M,Shah Rukh Khan | Juhi Chawla | Nana Patekar,Aziz Mirza,Manoj Lalwani | Aziz Mirza | Charandas Shokh
Movie,Suryavanshi,https://www.imdb.com/title/tt0105500/,https://m.media-amazon.com/images/M/MV5BMmVmNzgxODgtYzc3Yy00ZjEwLTk2ZDQtMGEwNDhiYzVlMTdjXkEyXkFqcGdeQXVyODE5NzE3OTE@._V1_.jpg,An archaeologist unearths an underground palace at Sangramgarh. The locals are afraid of what will happen if they start digging and would like to leave the past alone. It turns out their fears we confounded.,4.4,Action | Fantasy | Horror,1992-02-07,"fight,sword,villainess,portrait,supernatural power",PT2H41M,Salman Khan | Amrita Singh | Sheeba Agarwal,Rakesh Kumar,Kulwant Singh Jani | Rakesh Kumar
Movie,Jaan Tere Naam,https://www.imdb.com/title/tt0470381/,https://m.media-amazon.com/images/M/MV5BNjNhMzc2ZjYtM2NlYy00NWFkLWFhYzEtNTQ0OTU4Mjc3NGZlXkEyXkFqcGdeQXVyMTUxODIyNzk@._V1_.jpg,"Lovely Pinky Malhotra is a heart-breaker in the college where she studies, and has a number of young men who would lay down their lives for her. Amongst them are Sunil and Vicky. She is attracted to Sunil, and both carry on a roma...",5.8,Drama | Romance,1992-02-21,,PT2H30M,Ronit Roy | Farheen | Sulabha Deshpande,Deepak Balraj Vij,
Movie,Chamatkar,https://www.imdb.com/title/tt0126234/,https://m.media-amazon.com/images/M/MV5BOTlkYTI1ZWItZmFmMy00MjA0LWEwZDItYTAwYzI3MGVhNjFlXkEyXkFqcGdeQXVyNjQ2MjQ5NzM@._V1_.jpg,"When Sunder loses everything, he seeks refuge in a graveyard, where he befriends a ghost.",6.5,Comedy | Drama | Fantasy,1992-07-08,"cricket the sport,betrayal,grave,college,village",PT2H51M,Naseeruddin Shah | Shah Rukh Khan | Urmila Matondkar,Rajiv Mehra,Shaukat Baig | Lilliput | Rajiv Mehra
Movie,Bol Radha Bol,https://www.imdb.com/title/tt0172188/,https://m.media-amazon.com/images/M/MV5BZjBhODI5NTMtYzQyYS00ZTg4LWE0N2YtZGFlYTIwM2QxNGExXkEyXkFqcGdeQXVyNDUzOTQ5MjY@._V1_.jpg,A man returning from a trip discovers that a stranger who looks just like him has moved in with his wife.,6.1,Action | Comedy | Crime,1992-07-03,"look alike,factory,village,dog,love",PT2H44M,Rishi Kapoor | Juhi Chawla | Kader Khan,David Dhawan,Anees Bazmee | Sanjeev Duggal
Movie,Police Aur Mujrim,https://www.imdb.com/title/tt0251346/,https://m.media-amazon.com/images/M/MV5BZDYzNzJjMzQtODBjYi00MjYzLWE3MmYtYzhlM2FjZWUzZmIwXkEyXkFqcGdeQXVyMjU3MzYxODk@._V1_.jpg,"Bombay&apos;s Police Commissioner Veer Bahadur Singh, lives with his wife, Sharda, and daughter, Jyoti. When DSP Vishal Khanna arrests two notorious robbers and pimps, Shera and Jaaga, and holds them in a cell, their hoodlum boss, Bana...",5.6,Action | Musical | Romance,1992-07-24,"courtroom,death of sister,death of wife,slapped in the face,humiliation",PT2H26M,Raaj Kumar | Vinod Khanna | Meenakshi Sheshadri,K.C. Bokadia,K.C. Bokadia | Anwar Khan
Movie,Deewana,https://www.imdb.com/title/tt0126871/,https://m.media-amazon.com/images/M/MV5BZDViMGViYjQtYTNmYS00Mzc3LWEzMDAtMmY2MjNjMzk5YjM3XkEyXkFqcGdeQXVyODE5NzE3OTE@._V1_.jpg,"A singer (Rishi Kapoor) marries his biggest fan, but his uncle (Amrish Puri) plans to kill him in order to gain his money.",6.7,Action | Comedy | Musical,1992-06-25,"rescue,mother son relationship,husband wife relationship,widow,singer",PT3H5M,Rishi Kapoor | Divya Bharti | Shah Rukh Khan,Raj Kanwar,Ranbir Pushp | Sagar Sarhadi
Movie,Vishwatma,https://www.imdb.com/title/tt0130350/,https://m.media-amazon.com/images/M/MV5BMTY3MDMwMjg0Ml5BMl5BanBnXkFtZTcwMTUyNDE0MQ@@._V1_.jpg,"A cop and a criminal, both on their respective missions of duty and revenge, go from India to Kenya in order to extradite a reclusive crime lord to India.",6.4,Action | Drama | Thriller,1992-01-24,"flashback,bandit,shootout,father son relationship,brother brother relationship",PT2H54M,Naseeruddin Shah | Sunny Deol | Chunky Pandey,Rajiv Rai,Rajiv Rai
Movie,Mujhse Dosti Karoge,https://www.imdb.com/title/tt2895742/,,"Mujhse Dosti Karoge Is An Award Winning Hindi Film, Starring Irrfan Khan. Gul Hasan, A Nine Year Old Boy Living In The Desert Of Rann Of Kutch, Aspires For A Better Life. His Dreams And Aspirations Take Him On A Journey That Blurs...",7,Drama,1992-01-01,,PT1H35M,Salim Amrohi | Irrfan Khan | Amit Phalke,Gopi Desai,
Movie,Ek Ladka Ek Ladki,https://www.imdb.com/title/tt0291883/,https://m.media-amazon.com/images/M/MV5BNGYzNDVmMDMtYTZhOC00NmYxLTliNjUtNmNjMmZmOGQ3YmQ2XkEyXkFqcGdeQXVyODE5NzE3OTE@._V1_.jpg,"An arrogant heiress becomes amnesiac after her greedy uncle attempts to kill her. A hard-working farmer, who bears a grudge against her, impersonates her husband and brings her to his home as revenge.",5.8,Comedy | Romance,1992-06-18,"love,deception,boy,attempted murder,embezzlement",PT2H42M,Salman Khan | Neelam Kothari | Anupam Kher,Vijay Sadanah,Saleem Agha
Movie,Shola Aur Shabnam,https://www.imdb.com/title/tt0105394/,https://m.media-amazon.com/images/M/MV5BODllOWNlY2MtYjVmNi00ZWQ2LWJkZmItNTQwZDdkNjUyMzc4XkEyXkFqcGdeQXVyNDUzOTQ5MjY@._V1_.jpg,"The spoiled and arrogant brother, Bali, of notorious gangster, Kali Baba, enlists in the National Cadet Corps, and wants to have his way with his fellow-students and trainer, Inder Mohan Lahti, with comical results. When he meets ...",6.5,Action | Comedy | Drama,1992-01-23,"on the run,battle of the sexes,voice imitation,prank,jogging",PT2H45M,Govinda | Divya Bharti | Gulshan Grover,David Dhawan,Rajeev Kaul | Praful Parekh | Anees Bazmee
Movie,Dil Aashna Hai (...The Heart Knows),https://www.imdb.com/title/tt0101732/,https://m.media-amazon.com/images/M/MV5BMjhlYjI3MjMtNDhkMC00ODBhLWE5ODQtNDUwYzRmZGM1MTgzXkEyXkFqcGdeQXVyNTE0MDc0NTM@._V1_.jpg,"Laila, brought up in a brothel, is a cabaret dancer in Digvijay Singh&apos;s five star hotel. One day, her dying mother informs her that she is adopted. Laila is aided by Karan in her search for the mother.",4.9,Drama | Romance,1992-10-23,"illegitimate daughter,female protagonist,secret,cabaret dancer,unplanned pregnancy",PT2H44M,Jeetendra | Mithun Chakraborty | Dimple Kapadia,Hema Malini,Iqbal Durrani | Imtiaz Hussain | Suraj Sanim
Movie,Khuda Gawah,https://www.imdb.com/title/tt0104607/,https://m.media-amazon.com/images/M/MV5BNDA2ZWY5MTctN2VkOC00NDQ4LThjMDUtNzg1MjRkZmE0OWI5XkEyXkFqcGdeQXVyODE5NzE3OTE@._V1_.jpg,,6.5,Action | Adventure | Drama,1992-05-08,"honor,shootout,showdown,tough guy,feud",PT3H13M,Amitabh Bachchan | Sridevi | Nagarjuna Akkineni,Mukul Anand,Rajkumar Bedi | Santosh Saroj
Movie,Vansh,https://www.imdb.com/title/tt0404537/,https://m.media-amazon.com/images/M/MV5BYmM0MTBlNDUtNmU4NS00YmI0LThjMDEtMWZjMjFiYTEzMDVmXkEyXkFqcGdeQXVyNjY2OTUzOTA@._V1_.jpg,Two warring step-brothers team up to get the villains out to kill their bigamous father.,6.1,Action | Crime | Drama,1992-01-24,"bigamist,dysfunctional family,mother son relationship,father son relationship,feud",PT2H15M,Sudesh Berry | Anupam Kher | Ekta Sohini,Pappu Verma | Ajit Sinha,Shyam Goel | Rajeev Kaul | Praful Parekh
Movie,Balwaan,https://www.imdb.com/title/tt0103763/,https://m.media-amazon.com/images/M/MV5BMzI3NmFkODQtMTU5ZC00Y2QxLWJjYWYtYTczNzk5MWNlMjkyXkEyXkFqcGdeQXVyNjQ2MjQ5NzM@._V1_.jpg,Arjun Singh lives with his mother and sister; he takes it upon himself to fight injustice. This gets notice by the police commissioner who decides to enlist Arjun into the police force and thus his war against injustice continues....,4.5,Action | Adventure,1992-09-11,"action hero,tough guy,gangster,revenge,machismo",PT2H22M,Suniel Shetty | Divya Bharti | Danny Denzongpa,Deepak Anand,
Movie,Yalgaar,https://www.imdb.com/title/tt0105866/,https://m.media-amazon.com/images/M/MV5BMjc0M2E5YTEtZjc5OC00ZTcxLTk2MDgtODc5YTcxMzg2Njc5XkEyXkFqcGdeQXVyODE5NzE3OTE@._V1_.jpg,Childhood friends became enemies when one Mahendra Ashwini Kumar grows up to be Additional Police Commissioner and the other Raj Pratap Singhal becomes a smuggler. Mahendra have two sons who are also police officers namely Rajesh ...,5.5,Action | Drama | Thriller,1992-10-23,"stepbrother stepbrother relationship,murder of a police officer,father son relationship,husband wife relationship,police commissioner",PT3H12M,Feroz Khan | Sanjay Dutt | Kabir Bedi,Feroz Khan,Rajeev Kaul | Kamlesh Pandey | Praful Parekh
Movie,Mr. Bond,https://www.imdb.com/title/tt0104927/,https://m.media-amazon.com/images/M/MV5BZTYzZjI1MWEtMDgxYi00ZGNmLThkOWEtNmJlOWFiZjNmNjE0XkEyXkFqcGdeQXVyNjQ2MjQ5NzM@._V1_.jpg,"Mr. Bond is an honest, dedicated and capable police officer in Bombay&apos;s police force. He faces the toughest case of a lifetime when he must rescue some small children abducted and held as hostages by the underworld don Dragon.",3.3,Action | Adventure | Thriller,1992-04-16,"terrorist,villain,one against many,opening action scene,karate",PT2H7M,Akshay Kumar | Sheeba Agarwal | Saathi Ganguly,Raj N. Sippy,Mohinder Ashish | Iqbal Durrani
Movie,Khiladi,https://www.imdb.com/title/tt0104605/,https://m.media-amazon.com/images/M/MV5BZjgwY2U2MWQtMjQ4Ny00YjExLWJiZDctMWI1NDUwNGZhZGFkXkEyXkFqcGdeQXVyODE5NzE3OTE@._V1_.jpg,"Two friends wage bets for money and fun. There comes a time where they race to win the biggest bet, for they know that their lives depend on it.",7.1,Action | Musical | Mystery,1992-06-05,"dead body in a car trunk,ransom,practical joke,woman in jeopardy,hostel",PT2H37M,Akshay Kumar | Ayesha Jhulka | Deepak Tijori,Abbas Alibhai Burmawalla | Mastan Alibhai Burmawalla,Aadesh K. Arjun | Saroj Khan | Naeem-Ejaz
TVSeries,Aap Ki Adalat,https://www.imdb.com/title/tt0390678/,https://m.media-amazon.com/images/M/MV5BNmNhZDAzNjYtYzQ5NC00M2QyLWFjZTItYTU1MzNkYzVkNDhiXkEyXkFqcGdeQXVyODAzNzAwOTU@._V1_.jpg,The host invites various personalities who must defend themselves in light of their recent controversies and against the accusations levied on them by the public.,7.2,Reality-TV | Talk-Show,1992-03-13,"light,non fiction",,Rajat Sharma | Narendra Modi | Shah Rukh Khan,,
Movie,Tirangaa,https://www.imdb.com/title/tt0105599/,https://m.media-amazon.com/images/M/MV5BMmI5MTg4NDgtNWY4My00ZWQ2LTlhNGItNmMzNWFmZDU2MWZkXkEyXkFqcGdeQXVyMTU1OTgyNDEz._V1_.jpg,"Brigadier Suryadev Singh and Police Inspector Shivajirao Waghle are appointed to bring down Pralayanth, a terrorist who murdered officer Rudrapratap Chauhan and plans to evade India.",6.8,Action | Drama | Thriller,1993-01-29,"shot in the back,drunkenness,telephone booth,airport,deception",PT2H48M,Raaj Kumar | Nana Patekar | Deepak Shirke,Mehul Kumar,K.K. Singh
Movie,Virodhi,https://www.imdb.com/title/tt0105762/,https://m.media-amazon.com/images/M/MV5BOGM4YjE2ZTQtYTEwZS00MWRmLTg1NjAtMGI0ZGI2ZjMwNjEyL2ltYWdlXkEyXkFqcGdeQXVyMjQ2MjgyNjY@._V1_.jpg,,4.3,Drama,,,PT2H23M,Arman Kohli | Harsha Mehra | Dharmendra,Rajkumar Kohli,
Movie,Tahalka,https://www.imdb.com/title/tt0423313/,https://m.media-amazon.com/images/M/MV5BOWUwYWVhYjQtMTViZC00NDliLWFmZTQtNmNjNTUxYmIxODlhXkEyXkFqcGdeQXVyNDUzOTQ5MjY@._V1_.jpg,"While on a yacht trip along with this daughter, Dolly, Indian army Major Krishna Rao, observes a girl in distress and goes to rescue her. He ends up rescuing dozens of girls, who have been entrapped by General Dong. While the girl...",5.6,Action | Adventure | Thriller,,"suicide,swimming pool,flashback,sitar,prosthetic leg",PT2H48M,Dharmendra | Naseeruddin Shah | Mukesh Khanna,Anil Sharma,Shyam Goel | Anil Sharma | Bimla Sharma
Movie,Deedar,https://www.imdb.com/title/tt0104072/,https://m.media-amazon.com/images/M/MV5BNTZlZTMwZDktMGY4Ni00YjkzLTk2ZjAtZDgxYjM2ZmJkZTdhXkEyXkFqcGdeQXVyODE5NzE3OTE@._V1_.jpg,,3.9,Drama | Romance,1992-08-14,"love,widow,businessman,prison,investigation",PT2H10M,Akshay Kumar | Karisma Kapoor | Laxmikant Berde,Pramod Chakravorty,Sachin Bhowmick | Mir Muneer
Movie,Dil Ka Kya Kasoor,https://www.imdb.com/title/tt0193102/,https://m.media-amazon.com/images/M/MV5BMmI1YWFhZWYtNTRhYS00MDUxLTg2MjAtNDZhMjU0NTI1ZThjXkEyXkFqcGdeQXVyNDUzOTQ5MjY@._V1_.jpg,"Shalini Saxena lives a wealthy life-style with her brother Rajesh. She attends college and writes a few poems under the name Seema as part time activity, she meets her fellow collegian an orphan called Arun Kumar who sings for imp...",5.6,Musical | Romance,1992-01-14,,PT2H37M,Prithvi Vazir | Divya Bharti | Sanam,Lawrence D&apos;Souza,Talat Rekhi
Movie,Annamalai,https://www.imdb.com/title/tt0139859/,https://m.media-amazon.com/images/M/MV5BMDYxMDExNzYtNmI5YS00Yzk1LWI1ODEtMDZlM2NkZjA1NjVmXkEyXkFqcGdeQXVyOTk3NTc2MzE@._V1_.jpg,A class-divided friendship goes through highs and lows through several decades.,7.7,Action | Drama,1992-06-27,"character name as title,one word title,friendship,snake,rivalry",PT2H44M,Rajinikanth | Sarath Babu | Kushboo,Suresh Krishna,Suresh Krishna | Shanmuga Sundaram
Movie,Zindagi Ek Juaa,https://www.imdb.com/title/tt0105897/,https://m.media-amazon.com/images/M/MV5BYWVmY2YyMzctZDc4ZS00ZTQ4LWE3MzItNjE3NGZmMzRlMWYyXkEyXkFqcGdeQXVyODE5NzE3OTE@._V1_.jpg,"Harikishan saves the life of his employer, Jagjit Singh alias JJ, only to receive a huge wage increase. All excited; Harikishan agrees to change his name to Harry and successfully carry out any task executed to him. He then realiz...",5.1,Action,1992-05-15,"drug,drug addiction,drug dealer,death by drug overdose",,Anil Kapoor | Madhuri Dixit | Shakti Kapoor,Prakash Mehra,Satish Bhatnagar | Prakash Mehra | Rahi Masoom Reza
Movie,Heer Ranjha,https://www.imdb.com/title/tt0104404/,https://m.media-amazon.com/images/M/MV5BZTZlNjNiOWYtODIzNC00MmMxLTg4MDEtMmE3NTU5NmU3YWNjXkEyXkFqcGdeQXVyODE5NzE3OTE@._V1_.jpg,"A new version of the popular love story of Heer (Sridevi) and Deedho (Anil Kapoor), who calls himself Ranjha after leaving home and living incognito in Heer&apos;s village as a labourer in her father&apos;s (Shammi Kapoor) house. Heer and D...",5,Drama | Romance,1992-08-07,"childhood sweetheart,love,family relationships,family feud,limping",PT2H39M,Anil Kapoor | Sridevi | Anupam Kher,Harmesh Malhotra,Mangal Dhillon
Movie,Cheluvi,https://www.imdb.com/title/tt0231348/,https://m.media-amazon.com/images/M/MV5BMzQzYmIxMzYtZTgwNy00MzQ1LWJiODQtNGM3NmQ5ODEwMjliXkEyXkFqcGdeQXVyMjg4NzcyNzI@._V1_.jpg,"Cheluvi, a poor young woman, has a secret magical power. With the magic, she turns into a tree which produces exotic flowers. Soon, her secret is spotted by Kumar, the son of the village head.",8.4,Drama,1992-06-11,secret,PT1H42M,Girish Karnad | Sonali Kulkarni | Prashant Rao,Girish Karnad,
Movie,Angaar,https://www.imdb.com/title/tt0103689/,https://m.media-amazon.com/images/M/MV5BNjM5MTNmM2YtMTdhZi00ZDJhLTkzNzktYTE2OTU2MWNmNTljXkEyXkFqcGdeQXVyNDUzOTQ5MjY@._V1_.jpg,"An angry slum-dweller is arrested, found guilty, and institutionalized.",6.7,Action | Crime | Drama,1992-09-01,"timeframe 1990s,builder,murder,corruption,gangster",PT2H56M,Jackie Shroff | Dimple Kapadia | Nana Patekar,Shashilal K. Nair,Sujit Sen | Kader Khan
Movie,Jungle Ka Beta,https://www.imdb.com/title/tt2678764/,https://m.media-amazon.com/images/M/MV5BNGI2YWE4ZTctMzFiNS00MDgwLThiMDQtYjk1MjUwMzQ2ODlhL2ltYWdlL2ltYWdlXkEyXkFqcGdeQXVyMzI3NzU1MTA@._V1_.jpg,"Orphaned as a small child, Raja has been living among the animals of the jungle with no knowledge of what love means.",7.3,Action | Fantasy,1992-01-01,jungle,,Jack Gaud | Asha Irani | Dan Dhanoa,Sunil Kumar,Sunil Kumar | M.A. Raza
Movie,Apradhi,https://www.imdb.com/title/tt0103709/,https://m.media-amazon.com/images/M/MV5BMjMzYmJhZWMtZWQ3Yi00MmZlLTkxOGMtZDA5ZDQ0YzZlOGExXkEyXkFqcGdeQXVyMjU4NDY1ODA@._V1_.jpg,"Satyaprakash is an honest security officer who works at the docks in a small town in India, and lives with his parents, Mr. and Mrs. Vishambernath; wife, Janki, a blind daughter, Munni; and an unmarried sister, Juhi. He hopes to m...",4.8,Action | Crime | Drama,1992-10-28,,,Vikas Anand | Aparajita | Arun Bakshi,K. Ravi Shankar,Anees Bazmee | Chitraarth | Karan Razdan
Movie,Suraj Ka Satvan Ghoda,https://www.imdb.com/title/tt0108256/,https://m.media-amazon.com/images/M/MV5BNGZmZWY0NDAtMGMzYy00NGQ5LWJjZmItYjNhMmYwMzI2NjdlXkEyXkFqcGdeQXVyNDUzOTQ5MjY@._V1_.jpg,"On a lazy afternoon, a man shares his memories of a storyteller friend who once narrated a convoluted love story with intertwined plots. As these plots unravel, reality mixes with fiction.",8,Drama | Romance,,"love,nonlinear timeline,black comedy",PT2H10M,Rajit Kapoor | Raghuvir Yadav | Siraj Ahmed,Shyam Benegal,Dharmvir Bharati | Shama Zaidi
Movie,Ek Hota Vidushak,https://www.imdb.com/title/tt0251067/,https://m.media-amazon.com/images/M/MV5BYjFmODAwYTktZGFhZS00YmNmLWFjMjAtZjlkNTM4YWJiNmU0XkEyXkFqcGdeQXVyMzU0NzkwMDg@._V1_.jpg,"Aburao is a famous clown in Tamasha world, but will be soon addicted to the world of fame.",8.2,Comedy | Drama,,"father daughter relationship,dysfunctional marriage,politician,illegitimate son,illegitimate daughter",PT2H25M,Mohan Agashe | Satish Alekar | Laxmikant Berde,Jabbar Patel,Purushottam Laxman Deshpande
Movie,Kal Ki Awaz,https://www.imdb.com/title/tt0158694/,https://m.media-amazon.com/images/M/MV5BYjg3YmVhOGMtNjRhZS00MDAzLTkwYTQtODkyNjY2ZWU5OTg5XkEyXkFqcGdeQXVyODE5NzE3OTE@._V1_.jpg,"The son of the chairman of a bank is abducted and held for ransom. DSP Ali intervenes, but is unable to save the child. Later, his world is turned upside down when his daughter is kidnapped.",6.3,Action,1992-08-21,,PT2H42M,Dharmendra | Raj Babbar | Amrita Singh,B.R. Chopra | Ravi Chopra,Satish Bhatnagar | Kulwant Singh Jani | Rahi Masoom Reza
Movie,Jaagruti,https://www.imdb.com/title/tt0107249/,https://m.media-amazon.com/images/M/MV5BZGFkMTY2YTgtNzA3OC00MzA2LThjZWEtY2E0Y2Q5OWU5NWRlXkEyXkFqcGdeQXVyNTE0MDc0NTM@._V1_.jpg,"Jugnu is a playful boy whose spending time with his friends doing nothing.He is in love with Shalu but their relationship is not approved by her father Sunderlal.Vishal,Jugnu&apos;s elder brother is a an honest custom officer who comes...",4.7,Action | Drama,1992-07-03,"tribe,customs officer,kiss,laxative,fight",PT2H14M,Salman Khan | Karisma Kapoor | Ashok Saraf,Suresh Krishna,Rajeev Kaul | Anwar Khan
Movie,Qaid Mein Hai Bulbul,https://www.imdb.com/title/tt0390400/,https://m.media-amazon.com/images/M/MV5BZGEzZjZkNWItN2ZmZS00N2YzLWEyNDItMzFjMDBhMzlhZmQ3XkEyXkFqcGdeQXVyOTUyNjcwOTY@._V1_.jpg,"In a scenic village in India live two love-birds, Pooja Choudhry and Suraj. Both are childhood sweethearts and would like to get married soon. The only ones opposed to their marriage are Guddo and Vimla, their respective mothers, ...",2.9,Drama | Romance,1992-03-27,,,Rana Jung Bahadur | Sudha Chandran | Himalay Dasani,Ravindra Peepat,
Movie,Prem Deewane,https://www.imdb.com/title/tt0105166/,https://m.media-amazon.com/images/M/MV5BNGQ2YjQ2MzUtODgwMi00ZTM3LWFmODQtMTNkNWU3NTc5YWMyXkEyXkFqcGdeQXVyMzU0NzkwMDg@._V1_.jpg,"Radha (Pooja Bhatt) and Manohar (Vivek Mushran) love each other and want to get married, but Radha&apos;s dad (Ashok Saraf) does not approve of their marriage as Manohar comes from a poor family. He instructs Radha not to leave the hou...",4.9,Action | Comedy | Drama,,"chase,love,fistfight,father daughter relationship,father son relationship",PT2H40M,Pooja Bhatt | Bharat Bhushan | Kamal Chopra,Sachin Pilgaonkar,
Movie,Muskurahat,https://www.imdb.com/title/tt0255401/,https://m.media-amazon.com/images/M/MV5BODBjMjNhY2UtNWY4OS00NmJjLWFkNGUtZTFjMTlmOTllZDY5XkEyXkFqcGdeQXVyNDUzOTQ5MjY@._V1_.jpg,,7.2,Comedy | Drama,1992-10-30,"beating,cook,lottery ticket,horse and carriage,illegitimate daughter",PT2H15M,Jay Mehta | Revathi | Annu Kapoor,Priyadarshan,Priyadarshan
Movie,Police Officer,https://www.imdb.com/title/tt0267830/,https://m.media-amazon.com/images/M/MV5BMWNmYWJhMTktMWM0Ny00ZjMxLWIxNTctOTk0MDI1NmZhMmI1XkEyXkFqcGdeQXVyMTUxODIyNzk@._V1_.jpg,,3.7,Action,1992-06-05,revenge,PT2H38M,Todd Howard | Jackie Shroff | Karisma Kapoor,Ashok Gaekwad,
Movie,Jaan Se Pyaara,https://www.imdb.com/title/tt0193246/,https://m.media-amazon.com/images/M/MV5BNmUxMDljMzgtN2EyOC00MDNmLTgwY2EtOTIwMmE5ZDg4NGIxXkEyXkFqcGdeQXVyODE5NzE3OTE@._V1_.jpg,A man tries to lead a double life as a Cop and at the same time look after his retarded twin brother and devoted mother. But then his dangerous police work comes in the way of his family life causing tragedy.,5.3,Action | Crime | Drama,1992-05-06,"eyeglasses,explosion,twin brother,twins,barking",PT3H,Govinda | Divya Bharti | Aruna Irani,Anand,Jainendra Jain
Movie,Ghar Jamai,https://www.imdb.com/title/tt2009481/,https://m.media-amazon.com/images/M/MV5BMTRmZjhkODUtYzFjOS00NmJkLWEyYTctYTJkZDhhZmZjN2I0XkEyXkFqcGdeQXVyNTM3MDMyMDQ@._V1_.jpg,"Anil is an ethical man who lives by his principles. This impresses Dwarka, a millionaire, who wants to make him his son-in-law. However, after marriage, he insists that Anil move in with his in-laws.",6.5,Comedy | Family,1992-10-01,live,PT2H28M,Rita Bhaduri | Birbal | Mithun Chakraborty,Arun Bhatt,
Movie,Khel,https://www.imdb.com/title/tt0102200/,https://m.media-amazon.com/images/M/MV5BNDg2Yjk1MGMtMTZhNi00ZmRkLTlmYmItOWI2MzdmYjNkNWEzXkEyXkFqcGdeQXVyODE5NzE3OTE@._V1_.jpg,"Widowed and elderly industrialist Sulakshana Devi allows her business and estate to be taken care of by her nephew, Balwant. Shortly after her return from the overseas her only son, Ravi gets killed in a car accident planned by Ba...",6.2,Comedy | Drama | Romance,1992-07-31,"attempted suicide,thief,private jet,orphanage,jealousy",PT2H32M,Aparajita | Prem Chopra | Madhuri Dixit,Rakesh Roshan,Javed Akhtar
Movie,Saatwan Aasman,https://www.imdb.com/title/tt0157003/,https://m.media-amazon.com/images/M/MV5BYjEwNmZlN2ItNDYxMS00ZjdmLTg3MDAtODE3NDdiMGRjOGFiXkEyXkFqcGdeQXVyMzU0NzkwMDg@._V1_.jpg,Two runaway people who meet each other and enjoy every movement of their life because they both know that death can call them anytime as one has got death sentence and other is suffering from a fatal disease which is getting worse.,5.4,Drama,1992-04-07,death,PT2H10M,Vivek Mushran | Pooja Bhatt | Avtar Gill,Mahesh Bhatt,Suraj Sanim
Movie,Sangeet,https://www.imdb.com/title/tt0105313/,https://m.media-amazon.com/images/M/MV5BMTI2Zjg4ZjYtZGU2Yi00MWY2LTllYzctY2MxOTMyOWE4ZjQwXkEyXkFqcGdeQXVyMzU0NzkwMDg@._V1_.jpg,"A blind, orphan girl aspires to be a successful singer. With the help of another street performer, she sets out to make a mark and in the process discovers her real parents.",5.5,Drama | Romance,,"song,love,singer,singing,blindness",PT2H24M,Madhuri Dixit | Jackie Shroff | Nitish Bharadwaj,K. Viswanath,
Movie,Panaah,https://www.imdb.com/title/tt2011178/,https://m.media-amazon.com/images/M/MV5BNzJkODIxMzktZWM4Yy00OGIwLTg0OGUtYWRhOWI3ODY4ZjJlXkEyXkFqcGdeQXVyNTM3MDMyMDQ@._V1_.jpg,"Raja faces danger from Vikral Sing, when four goons are assigned the task to bring Raja dead or alive to Vikral Singh. But seeing his innocence they fall in love with Raja and decide not to kill him. Now, what will be Vikral Singh...",6.7,Action | Drama,1992-02-07,"boy,redemption,affection,title spoken by character,death",PT2H36M,Naseeruddin Shah | Praveen Kumar Sobti | Pallavi Joshi,Krishnakant Pandya,
Movie,Bekhudi,https://www.imdb.com/title/tt0172170/,https://m.media-amazon.com/images/M/MV5BYTdmNmViNTEtMjEzZC00NGJjLTg2ZTMtZDRlMWY5NmJkZWE3XkEyXkFqcGdeQXVyNDUzOTQ5MjY@._V1_.jpg,"The parents (Tanuja and Vijayendra Ghatge) of Radhika (Kajol) have arranged her marriage to Vicky (Ajay Mankotia) in Canada. She insists on going there to meet him in person in order to know him better, to which they agree. Once i...",4.3,Action | Crime | Drama,1992-07-31,,PT2H20M,Kamal Sadanah | Kajol | Ajay Mankotia,Rahul Rawail,Indira | Madan Joshi | Gautam Rajadhyaksha
Movie,Mehboob Mere Mehboob,https://www.imdb.com/title/tt0823607/,https://m.media-amazon.com/images/M/MV5BNjgxNWM5MTgtNWMxMC00ODNiLWExMTYtNzBhZjkxYzAzNGExXkEyXkFqcGdeQXVyMTMzMzgzMTYy._V1_.jpg,"The region of Jungela and Takt Hazar have been embroiled in hatred for centuries. Now a young man named Ranjha from Takt Hazar, who lives with several brothers and their respective wives, has fallen in love with a young woman name...",6.2,Romance,,,,Sujoy Mukherjee | Pratibha Sinha | Mohnish Behl,Tony Juneja | Harnam Singh Rawail | Gurdip Singh,
Movie,Baaz,https://www.imdb.com/title/tt2015304/,https://m.media-amazon.com/images/M/MV5BOWFhMTQ5Y2MtZmRhNS00Y2I3LWFhMTktYTMyYWE3OGZiZTc5XkEyXkFqcGdeQXVyODE5NzE3OTE@._V1_.jpg,,5.5,Action | Mystery | Thriller,1992-11-06,"diary,photographer,bird in title,murder",,Govinda | Sonam | Abhinav Chaturvedi,S.K. Subash,
Movie,Tilak,https://www.imdb.com/title/tt0963204/,https://m.media-amazon.com/images/M/MV5BZDQzN2FiZjctZmM2Yy00MGE1LThiNjgtN2Q5MDkwMzkwNzE2XkEyXkFqcGdeQXVyODA3NzU4Njc@._V1_.jpg,Mangala&apos;s mother kills her self after she is raped by a cop she wears a mark on her forehead (Tilak) and swears to kill the cop and takes an oath that whoever takes that position at the police station will be killed.Years later Ma...,6,Action,1992-10-30,rain,,Shilpa Shirodkar | Siddharth | Poonam Jhawer,Yash Chouhan,
Movie,Paayal,https://www.imdb.com/title/tt0105116/,https://m.media-amazon.com/images/M/MV5BMjMzMDE3YzMtMWRjZC00MGUwLTk5ZjktMDRiYzIxN2FhYjdiXkEyXkFqcGdeQXVyNDQ0ODI2MQ@@._V1_.jpg,A woman meets with opposition after she introduces her boyfriend to her grandmother.,3.5,Comedy | Drama | Romance,1992-06-02,,PT2H30M,Bhagyashree Patwardhan | Himalay Dasani | Farida Jalal,Mahendra Shah,Rumi Jaffery | Sameer | Roopa Shah
TVSeries,Kashish,https://www.imdb.com/title/tt5619380/,https://m.media-amazon.com/images/M/MV5BY2VhMWM4M2EtYzY1Mi00YmRjLTk2NzYtMjcwNjEzYTE5MDgwXkEyXkFqcGdeQXVyMTMzNDQwOTcx._V1_.jpg,"Kashish was a romantic TV show broadcast on Doordarshan in early 90s. A well known director Rahul Anand casts new actress Mohana Kumar for his film. How their indifference changes to love was shown in the serial, which had 6 episo...",7.8,Drama | Romance,1992-01-01,love,,Kalpana Iyer | Sudesh Berry | Malvika Tiwari,,
Movie,Radha Ka Sangam,https://www.imdb.com/title/tt0105209/,https://m.media-amazon.com/images/M/MV5BZTMzMmZiZTctNWE5MC00YTc1LTgzYjQtMThiMWE3YzMwZDJkXkEyXkFqcGdeQXVyODE5NzE3OTE@._V1_.jpg,,5.3,Drama | Romance,1992-07-03,"love,wedding,village,rural setting,reincarnation",,Ragesh Asthana | Juhi Chawla | Sudhir Dalvi,Kirti Kumar,Jainendra Jain
Movie,Zulm Ki Hukumat,https://www.imdb.com/title/tt0390667/,https://m.media-amazon.com/images/M/MV5BMjg3Nzc1MDEtMzQwYi00ZDQ0LTg3N2QtOWU2MmQ5MzY0MjdmXkEyXkFqcGdeQXVyMzU0NzkwMDg@._V1_.jpg,"When a gangster falls prey to gang war launched by his rival, his estranged younger brother joins the police to find his killer.",5.4,Action | Crime | Drama,1992-07-17,"gangster,three word title,shot to death,brother brother relationship,rain",PT2H32M,Dharmendra | Moushumi Chatterjee | Govinda,Bharat Rangachary,Faiz Saleem
Movie,Nishchaiy,https://www.imdb.com/title/tt0105007/,https://m.media-amazon.com/images/M/MV5BMDZjZTVmNGMtZjg2ZS00M2ZlLWI4OTAtYWQ3YzdlMGQ5NDg4XkEyXkFqcGdeQXVyNTE0MDc0NTM@._V1_.jpg,"When Ravi is falsely accused of a crime and sentenced to imprisonment, his boss&apos; wife promises to take care of his younger brother. However, Ravi is unable to find his brother after he is released.",4.3,Action | Drama | Romance,1992-07-17,"horse,waterfall,brother brother relationship,beating,lust",PT2H26M,Vinod Khanna | Salman Khan | Karisma Kapoor,Esmayeel Shroff,Sachin Bhowmick | Rahi Masoom Reza
Movie,Sapne Saajan Ke,https://www.imdb.com/title/tt0105315/,https://m.media-amazon.com/images/M/MV5BNjFhZDY1ZTMtYTAwOC00MmIwLTg1NmQtMzA1YTNjYTdlZWRmXkEyXkFqcGdeQXVyODE5NzE3OTE@._V1_.jpg,"Shalini wants her daughter, Jyoti, to get married with son of a wealthy man, Gulu. But Jyoti doesn&apos;t like Gulu. She meets Deepak and both fall in love. Shalini approves this match of Jyoti and Deepak. But Jyoti comes to know that ...",3.7,Drama | Romance,1992-01-01,"love triangle,love,party,deception,bus",PT2H42M,Jackie Shroff | Dimple Kapadia | Karisma Kapoor,Lawrence D&apos;Souza,Mushtaq Merchant
Movie,Dharavi,https://www.imdb.com/title/tt0104098/,https://m.media-amazon.com/images/M/MV5BYzhjNzA2YTUtMDU2Yi00N2I5LTlmMTgtNmJhYzUzNTBmODdkXkEyXkFqcGdeQXVyNDUzOTQ5MjY@._V1_.jpg,"Rajkaran lives in Dharavi, the biggest slum in the world. He aspires to start his own business and even manages to do it. But several misfortunes land him back to square one, penniless and alone.",7.3,Crime | Drama,1992-04-09,"bombay india,wife leaves her husband,taxi,taxi driver,dream",PT2H,Somesh Agarwal | Shabana Azmi | Pramod Bala,Sudhir Mishra,Sudhir Mishra
Movie,Ram Ke Naam,https://www.imdb.com/title/tt0105208/,https://m.media-amazon.com/images/M/MV5BYjIyYzBlOGQtMGVhMi00NTZkLTg5YTYtODQ0ZDE2Y2U4ZDI2XkEyXkFqcGdeQXVyNDkyMjY1NzI@._V1_.jpg,,8.8,Documentary,2014-12-29,"mosque,muslim,government,confrontation,tragedy",PT1H30M,,Anand Patwardhan,Anand Patwardhan
Movie,Jaanam,https://www.imdb.com/title/tt0464990/,https://m.media-amazon.com/images/M/MV5BMDExNjMzN2EtZWQ5Mi00MzhmLWFiMWEtZjkyZWI5ZDM5YmM2XkEyXkFqcGdeQXVyNTM3MDMyMDQ@._V1_.jpg,"Paradise Builders is owned by Dhanraj, who lives a very wealthy lifestyle with his wife Radha son Rajan, and daughter Anjali. He aims to take possession of the nearby village, which is now occupied by fisherman, headed by Shankar ...",4.8,Romance,1992-11-26,,PT2H7M,Rahul Roy | Pooja Bhatt | Paresh Rawal,Vikram Bhatt,
Movie,Aaj Ka Goonda Raaj,https://www.imdb.com/title/tt0247909/,https://m.media-amazon.com/images/M/MV5BZTE5YTFjMTEtNjYwYS00OWMwLWI2YWUtYmRmYjJjYjE1MDFmXkEyXkFqcGdeQXVyNTM3MDMyMDQ@._V1_.jpg,,5.5,Action | Thriller,1992-07-10,"prison,revenge,brother brother relationship,death of brother,poetic justice",PT2H39M,Chiranjeevi | Meenakshi Sheshadri | Raj Babbar,Ravi Raja Pinisetty,Anees Bazmee
Movie,Yaad Rakhegi Duniya,https://www.imdb.com/title/tt0374342/,https://m.media-amazon.com/images/M/MV5BODAzMzgyNmItZmYzZi00OTI3LTljODYtMGNmNjMyODQ2ZjFjXkEyXkFqcGdeQXVyMzU0NzkwMDg@._V1_.jpg,"A terminally ill and depressed young man falls in love with a mischievous young woman who, it turns out, is also suffering from a fatal disease.",7.2,Drama | Romance,1992-03-01,"love,mother son relationship,terminal illness",PT2H33M,Aditya Pancholi | Rukhsar Rehman | Tinnu Anand,Deepak Anand,Anees Bazmee
Movie,Tyagi,https://www.imdb.com/title/tt0364720/,https://m.media-amazon.com/images/M/MV5BNGI1ZmI3OTAtNzgwMi00M2Q3LTg5NWEtNTUwMTM5MTUxZjI2XkEyXkFqcGdeQXVyOTk3NTc2MzE@._V1_.jpg,"Shankar takes the blame when one of his brothers is accused of a murder. However, when he returns from jail, he realises that his brothers are trying to create a rift in the family.",5,Drama,1992-05-29,,PT2H25M,Rajinikanth | Jaya Prada | Himalay Dasani,K.C. Bokadia,
Movie,Bewaffa Se Waffa,https://www.imdb.com/title/tt0149850/,https://m.media-amazon.com/images/M/MV5BZDJhY2ZlOTQtNjYyMS00N2RkLWJjYTQtMzc5NjFmODRlYTJlXkEyXkFqcGdeQXVyMTA2ODkwNzM5._V1_.jpg,"Nagma&apos;s story takes viewer into past of Rukhsar & Nagma&apos;s friendly competition, Rukshar&apos;s Meeting with Aslam. Their marriage problems start with the discovery of Rukhsar&apos;s inability to give birth to a child. Due to this, she asks ...",4.8,Romance,1992-09-11,love triangle,PT2H52M,Vivek Mushran | Juhi Chawla | Nagma,Saawan Kumar Tak,
Movie,Isi Ka Naam Zindagi,https://www.imdb.com/title/tt0304204/,https://m.media-amazon.com/images/M/MV5BZmJjY2E0YjctYTdhNC00ZmM4LTg5MmEtMzkwMDQ1NzllZDg5XkEyXkFqcGdeQXVyODE5NzE3OTE@._V1_.jpg,During the British rule in rural India; a wealthy family spent generation from generation in trying to take over a plot of land from a man named Bansiram. But Bansiram will not give up this land nor is he willing to sell at any co...,4.9,Action | Comedy | Drama,,"exorcist,doctor,ghost,old man,fear",PT2H20M,Aamir Khan | Farha Naaz | Govardhan Asrani,Kalidas,Manoj Mitra | Ramesh Pant
Movie,Daulat Ki Jung,https://www.imdb.com/title/tt0172300/,https://m.media-amazon.com/images/M/MV5BYjQ3NWQwOTYtYjk1OS00YjczLWJlZDgtMzIzYzkzYmQ3ZTNiXkEyXkFqcGdeQXVyOTc3ODg4MTg@._V1_.jpg,Two young lovers elope to get married and get caught between two gangs searching for buried treasure.,5.1,Action | Adventure | Romance,,"love,treasure,map,murder,motorcycle",PT2H23M,Aamir Khan | Juhi Chawla | Shafi Inamdar,S.A. Kader,
Movie,Maa,https://www.imdb.com/title/tt0246766/,https://m.media-amazon.com/images/M/MV5BYTlmMDI2ZGUtZTMwYi00ZDkzLTg1OTUtNzI0MmE3ZjFjNzNkXkEyXkFqcGdeQXVyMzU0NzkwMDg@._V1_.jpg,,5.9,Drama | Fantasy | Horror,,"revenge,ghost,dog,afterlife,good versus evil",PT2H25M,Jeetendra | Jaya Prada | Aruna Irani,Ajay Kashyap,Shyam Goel
Movie,Geet,https://www.imdb.com/title/tt0104323/,https://m.media-amazon.com/images/M/MV5BNmNhMGMxMTctZWY4OS00MTA5LWEzOTUtOTFmNzQ1ODc0MTU3XkEyXkFqcGdeQXVyMjU3MzYxODk@._V1_.jpg,"Rajesh Tripathi lives a poor lifestyle in a village in India along with his widower dad, Shivshankar. He leaves his father so that he can study in Bombay. While there he becomes a fan of singer and dancer, Neha, and even paints ho...",5.8,Drama,1992-11-20,,PT2H31M,Avinash Wadhawan | Divya Bharti | Laxmikant Berde,Partho Ghosh,Achala Nagar | Ranbir Pushp
Movie,Pandian,https://www.imdb.com/title/tt0318540/,https://m.media-amazon.com/images/M/MV5BNGI1OTk3M2EtY2ZhYS00NDkyLWExYzEtYzVkNDNiNGJlN2MwXkEyXkFqcGdeQXVyOTk3NTc2MzE@._V1_.jpg,"Pandiyan is a police officer whose sister&apos;s husband goes missing. In order to find him and catch the culprits, he goes undercover.",5,Action | Crime,1998-01-01,"female police officer,woman shoots a man,shot in the torso,wrongful arrest,police",PT2H29M,Rajinikanth | Kushboo | Archana Puran Singh,S.P. Muthuraman,
Movie,Drohi,https://www.imdb.com/title/tt0225566/,https://m.media-amazon.com/images/M/MV5BNGM4NTA1ZjMtNzRhMy00YTdiLTk1ZmItYjZmOTM5NWEyMjk3XkEyXkFqcGdeQXVyNjQ2MjQ5NzM@._V1_.jpg,"Whilst in hiding, a ruthless gangster falls in love with a young woman.",5.9,Action | Crime | Romance,1992-10-25,"gangster,love,anti hero,hitman",PT2H10M,Nagarjuna Akkineni | Urmila Matondkar | Danny Denzongpa,Gurdip Singh | Ram Gopal Varma,Akash Khurana | Ram Gopal Varma
Movie,Dil Hi To Hai,https://www.imdb.com/title/tt0106724/,https://m.media-amazon.com/images/M/MV5BZGY5NGUzODktNzcxMy00NmM4LWJjMmYtMGM2MmE0N2M1MjhkXkEyXkFqcGdeQXVyMzU0NzkwMDg@._V1_.jpg,Lookalike brother&apos;s Govardhan&Harshvardhan exchange their names in childhood and decide to live each others life forever without the knowledge of their parents but what will happen when their strict father will come to know about ...,5.2,Drama | Romance,1992-01-01,father,PT2H44M,Divya Bharti | Gulshan Grover | Amjad Khan,Govardhan Asrani,
Movie,Inteha Pyar Ki,https://www.imdb.com/title/tt0362766/,https://m.media-amazon.com/images/M/MV5BYWViZTlhNTQtMzg5NS00MGIzLWJhMTktNGQ4MGY0MWFiYzE3XkEyXkFqcGdeQXVyNTM3MDMyMDQ@._V1_.jpg,,3.9,Drama | Family | Musical,1992-04-13,,PT2H39M,Vikas Anand | Aparajita | Govardhan Asrani,J.K. Bihari,
Movie,Insaan Bana Shaitan,https://www.imdb.com/title/tt0455129/,https://m.media-amazon.com/images/M/MV5BMDU4ZjY2OWYtNTY4Zi00MzE4LThjMDMtNzk5ZjMxOGM4NWJiXkEyXkFqcGdeQXVyMjQ2MDI5ODE@._V1_.jpg,Anand returns from his business trip to surprise his wife Sheela and finds her with her lover Mahesh he tries to kill them both but Mahesh kills him and along with Sheela buries his body.Mahesh and Sheela are about to elope with h...,4.3,Horror,1992-08-18,,,Deepak Parashar | Sripradha | Javed Khan,Mohan Bhakri,
Movie,Waqt Ka Badshah,https://www.imdb.com/title/tt0364112/,https://m.media-amazon.com/images/M/MV5BMTcyZTgyYTUtNmRjMi00ZGRkLWFiOGMtZTkzNjQ2NzllMTFlXkEyXkFqcGdeQXVyODE5NzE3OTE@._V1_.jpg,"When Parasuram, an investigative journalist, exposes the illegal activities of B. R., an influential industrialist, B. R. kills his siblings. Parasuram then vows to avenge their deaths.",4.6,Action,,killing,,Akashdeep Sabir | Moon Moon Sen | Dharmendra,Manmohan | Manmohan Sabir,
Movie,Maarg,https://www.imdb.com/title/tt1455675/,https://m.media-amazon.com/images/M/MV5BZDc1MjA4OWYtMGU4My00Zjg4LWJjZDUtNGZmNjkxOWI0MjlhXkEyXkFqcGdeQXVyNDQwOTAzNw@@._V1_.jpg,,4.4,Drama,,,,Vinod Khanna | Hema Malini | Dimple Kapadia,Mahesh Bhatt,Suraj Sanim
Movie,Sarphira,https://www.imdb.com/title/tt0344301/,https://m.media-amazon.com/images/M/MV5BNmM4NjQwNTYtYmUyOC00NzY0LWJkMmItOTNhZWExMjFhMGZmXkEyXkFqcGdeQXVyODcxMDYxMDM@._V1_.jpg,"Judge B.K. Sinha and his adopted son, Rajkishan are law-abider but the youngest in their house-hold, Suresh prove to be the opposite - is hot-tempered and is into shady activities. His behavior crosses the limit when he accidental...",4.9,Action,1992-04-10,"judge,title spoken by character",,Sanjay Dutt | Madhavi | Kimi Katkar,Ashok Gaekwad,Zaheer D. Lari | Jyoti Swaroop
TVSeries,Kshitij Ye Nahi,https://www.imdb.com/title/tt5850172/,,A widow (Supriya Pilgaonkar) lives with her young daughter and father-in-law. Love comes calling a second time with a new neighbor (Tushal Dalvi). Is she ready to finally move on from her past?,8.5,Drama,,widow,,Rajit Kapoor | Supriya Pilgaonkar | Vikram Gokhale,,
Movie,Mera Dil Tere Liye,https://www.imdb.com/title/tt0351333/,https://m.media-amazon.com/images/M/MV5BYzAxYjZiNjMtZTg0MS00ZmUwLTgwNTgtMjFkYjU2M2YzMzE1XkEyXkFqcGdeQXVyMjkwMzIxNTY@._V1_.jpg,"Priya R. Singh lives in a palatial house with her businessman dad, Raghunath, and housewife mom, Savitri. She attends college, meets with fellow collegian, Vijay Verma, and after a few clashes, both fall madly in love with each ot...",5.5,Romance,1992-02-02,,PT2H35M,Gopi Bhalla | Dinesh | Aruna Irani,S.A. Chandrashekhar,Miraq Mirza
Movie,Khule-Aam,https://www.imdb.com/title/tt0416890/,https://m.media-amazon.com/images/M/MV5BZmQyN2E2ZTQtOWNmYi00YTI2LWE4NmMtMGUwOTMzZmFhNWUyXkEyXkFqcGdeQXVyNTM3MDMyMDQ@._V1_.jpg,"Watch the full movie, Khule-Aam, only on Eros Now. Khule-Aam is a 1992 Indian Hindi film, directed by Arun Dutt. The film stars Dharmenda, Shammi Kapoor, Neelam, Chunky Pandey, Moushumi Chatterjee, Sadashiv Amrapurkar, Danny Denzo...",5.9,Action,1992-04-23,,PT2H35M,Dharmendra | Shammi Kapoor | Neelam Kothari,Arun Dutt,Arun Dutt | Muhammad Ishaq
Movie,Mere Meharban,https://www.imdb.com/title/tt4411828/,,,,Romance,1992-01-01,,,Bharat Bhushan | Brahmachari | Sameer Kakkar,Kewal Singh,
Movie,Anaam,https://www.imdb.com/title/tt0391741/,https://m.media-amazon.com/images/M/MV5BZjI1YzFiNjUtZWM4Zi00ZTg1LTg3YmUtMGQxYjMxNzE4ZjJmXkEyXkFqcGdeQXVyMjQ2MDI5ODE@._V1_.jpg,"Bombay&apos;s Police Inspector Angre is assigned the task to investigate the theft of a Fiat car from Blue Ribbon Hotel which belonged to Ghanshyamdas Gupta. The alleged culprit is hospitalized, is claiming a memory loss, and had attem...",6.1,Action | Drama | Mystery,1992-11-03,,,Arman Kohli | Ayesha Jhulka | Kiran Kumar,Ramesh Modi,Ramesh Modi | Ved Prakash Sharma
Movie,Meera Ka Mohan,https://www.imdb.com/title/tt0378343/,https://m.media-amazon.com/images/M/MV5BMjAzOTU1YjMtNTA3ZS00ZTI0LWIwYTUtYzdhZjg5NDgxZDY5XkEyXkFqcGdeQXVyMjA3MzU4NTU@._V1_.jpg,"Ravi, Preeti and Vijay form a love triangle in this story.",6.2,Romance,1992-02-07,friendship,PT2H32M,Avinash Wadhawan | Ashwini Bhave | Pran Sikand,K. Ravi Shankar,
Movie,I Love You,https://www.imdb.com/title/tt0940710/,https://m.media-amazon.com/images/M/MV5BZWZhMjM3ZDgtNDM5Zi00NGExLWEwNzgtZGM5OGE5YmZiYzU3XkEyXkFqcGdeQXVyOTk3NTc2MzE@._V1_.jpg,A poor boy falls in love with a rich girl but the girl&apos;s evil father opposes the marriage as the boy is from poor family and also shares a secret about his father.,4,Drama | Romance,,love,,Sabah | Shobha | Amrish Puri,Vara Prasad,Faiz Saleem
Movie,Kasak,https://www.imdb.com/title/tt0154720/,https://m.media-amazon.com/images/M/MV5BMzc2N2IxNmQtNzBjMC00OTEwLTk0ZTktYTI2MmJmNGMzMTIyXkEyXkFqcGdeQXVyMTEzNzg0Mjkx._V1_.jpg,Divya loved Suraj who is now no more she marries Vijay for the sake of her family and plans to divorce him soon but will Vijay agree to her terms.,5.4,Drama | Romance,1992-01-01,divorce,PT2H30M,Aparajita | Govardhan Asrani | Laxmikant Berde,K. Bapaiah,Mani Ratnam
Movie,Pyasi Patni,https://www.imdb.com/title/tt3555956/,,,,Thriller,1992-01-01,,,Jayalalitha | Uma Maheshwari | Nisha,,
Movie,Ghazab Tamasha,https://www.imdb.com/title/tt0395557/,https://m.media-amazon.com/images/M/MV5BMjc1MjVmZDMtNzdhZS00ODdjLWFjNWYtYTBiMDVhMGE0ZWE1XkEyXkFqcGdeQXVyNjgyNDc4Mjc@._V1_.jpg,,5.9,Comedy | Romance,1992-05-01,"love,maid,servant,harassment,extortion",PT2H24M,Rahul Roy | Anu Agarwal | Tanuja Samarth,Ranjeet Bedi,
Movie,Jeena Marna Tere Sang,https://www.imdb.com/title/tt0337651/,https://m.media-amazon.com/images/M/MV5BYjM3MWRhZGMtNjcyOC00OGMzLThiZmMtNzgzNjNiZWQyOWIxXkEyXkFqcGdeQXVyNjY1MTg4Mzc@._V1_.jpg,"Amar is the son of a millionaire. He decides to avenge on Asha for slapping him in public, but later falls for her. He also discovers the truth about his father.",5,Action | Romance,,"slapped in the face,four word title,love,death,remake",PT2H30M,Sanjay Dutt | Raveena Tandon | Jaaved Jaaferi,Vijay Reddy,
Movie,Sone Ki Zanjeer,https://www.imdb.com/title/tt2690740/,https://m.media-amazon.com/images/M/MV5BNjVjOGUzMDYtZWI5NS00NDZmLWIwZGUtYTIwMTNiNGFkODhkXkEyXkFqcGdeQXVyMTEwNDI2NDcz._V1_.jpg,"Avinash is laid in a trap by a friend and his lover who are behind his wealth, his friend marries Avinash to his lover, by the time his wife realizes his mistake Avinash dies after falling from his balcony.",,Action,1992-09-04,friend,,Laxmikant Berde | Priya Arun Berde | Prasenjit Chatterjee,Shiv Kumar,
Movie,Pyar Hua Chori Chori,https://www.imdb.com/title/tt0155072/,https://m.media-amazon.com/images/M/MV5BNmI0ZjE5ZjMtZTU2ZC00ZWUwLWIxMjUtY2NjNzc1MzBjNGNiXkEyXkFqcGdeQXVyNTM3MDMyMDQ@._V1_.jpg,"Advocate Jhun Jhunjhunwala hires Vijay Kumar to act as a husband for a rich, wealthy, and spoiled girl named Radha, to which Vijay agrees to. As time passes, both fall in love together, and decide to get married. Shortly after tha...",6.7,Romance,,"love,fake identity,death sentence",PT2H34M,Mithun Chakraborty | Gautami | Shikha Swaroop,K. Bapaiah | Jasti Hemambar,Shafiq Ansari | Anwar Khan | Priyadarshan
Movie,Naach Govinda Naach,https://www.imdb.com/title/tt2459460/,https://m.media-amazon.com/images/M/MV5BZWY2ZDU3NzYtODM2OC00Nzk5LTg3M2UtYzk5MTliYjgxZjg2XkEyXkFqcGdeQXVyODE5NzE3OTE@._V1_.jpg,"Govinda, an aspiring dancer, lives with his poor mother. In a turn of events, he is given a break to compete with Rocky, a famous dancer in the city.",4.2,Action,1992-08-04,dancer,PT3H2M,Govinda | Aruna Irani | Raj Kiran,S.K. Subash,
Movie,Honeymoon,https://www.imdb.com/title/tt0395582/,https://m.media-amazon.com/images/M/MV5BODZhYTZiZjItZGUyYS00ZTJhLWFkZTQtMjkzMWExMTViYmI2XkEyXkFqcGdeQXVyMzQxMzg1MQ@@._V1_.jpg,"An unemployed male, forced to marry a wealthy woman, is not only evicted but must also pose as her servant.",5.5,Comedy | Drama,1992-07-09,,PT2H40M,Rishi Kapoor | Varsha Usgaonkar | Ashwini Bhave,Surendra Mohan,M.G. Hashmat | D.R. Kaushal | Kader Khan
Movie,Disha,https://www.imdb.com/title/tt0099437/,https://m.media-amazon.com/images/M/MV5BYjdlMGEzYmItOTM5OS00NTdlLTljYzItYWFiMWU3Y2MyZjZiXkEyXkFqcGdeQXVyNDUzOTQ5MjY@._V1_.jpg,"The Sarpat family, who live in Bhukari, consist of Parsaram, who has been involved in digging a well for the past over 12 years and is now called &apos;Pagal Parsa&apos;; his brother, Soma, who gets some casual work in the fields; his wife,...",7.8,Comedy | Drama | Musical,1992-02-01,"village,digging,f rated,well digger,poverty",PT2H15M,Shabana Azmi | Nana Patekar | Raghuvir Yadav,Sai Paranjape,Sai Paranjape
TVSeries,Snake and Ladders,https://www.imdb.com/title/tt13723542/,,,,Game-Show,1992-10-02,,,Mohan Kapur | Feroz Khan,,
Movie,Humlaa,https://www.imdb.com/title/tt0102073/,https://m.media-amazon.com/images/M/MV5BYjAwMDE4OWQtOGJkMS00MmNiLThmNjYtOGI2MTY0NmU3YTI0XkEyXkFqcGdeQXVyODcxMDYxMDM@._V1_.jpg,"Devkishan Sharma is a school-teacher in a small town in India, where he lives with his wife, and two sons, Bhawaniprasad and Shivprasad. When he finds out that Bhawani has fallen into bad company and has taken to crime to make a l...",4.7,Action | Drama,1992-05-29,"brother brother relationship,beating,gangster,hotel room,shootout",,Ashok Kumar | Dharmendra | Anil Kapoor,N. Chandra,N. Chandra
Movie,Ajeeb Dastaan Hai Yeh,https://www.imdb.com/title/tt0778604/,,"Romantically influenced by novels and movies, Meenakshi Sinha alias Mini lives with her advocate father Jagat Narayan in a palatial house. She studies in college where she meets with a handsome young man named Ketan Kapoor and bot...",5.2,Drama,,,,Vikas Anand | Neelima Azim | Rita Bhaduri,J. Om Prakash,J. Om Prakash
Movie,Jai Kaali,https://www.imdb.com/title/tt1282055/,https://m.media-amazon.com/images/M/MV5BOGY1NWVmMjQtN2ZhNi00OTk2LWIxYmQtNTBiZTYzNzk1ZDkyXkEyXkFqcGdeQXVyODE5NzE3OTE@._V1_.jpg,,5.8,Thriller,,,,Hema Malini | Jeetendra | Paresh Rawal,Nikhil Saini,Nikhil Saini
TVSeries,Talaash,https://www.imdb.com/title/tt0244366/,,It is the story of quest to find his long lost friend and to know the reason and consequences why he disappeared.,7.5,Drama | Mystery,,friend,,Megha Chatterjee | Moushumi Chatterjee | Vijayendra Ghatge,,
Movie,Bombay Police,https://www.imdb.com/title/tt3001312/,,"ACP Bose is transferred to a new city, where he crosses paths with Nalla Sreenu&apos;s gang. When ACP Bose arrest Sreenu&apos;s brother and puts him in jail, he uses his power to bring Bose down.",5.9,Action,1992-01-01,,,Nagarjuna Akkineni | J.D. Chakravarthi | Prabhu Deva,Narayana Rao Uppalapati,
Movie,Humshakal,https://www.imdb.com/title/tt0231765/,https://m.media-amazon.com/images/M/MV5BMmVjOWVkNjUtYjIyNS00MmQxLTliOWMtYTgwMjMwNzY1NmU4XkEyXkFqcGdeQXVyNDQ0ODI2MQ@@._V1_.jpg,Commissioner Kapoor makes Dadu Kaliya take the place of his lookalike inspector Vinod who was killed by Devi Dutt but how long will he hide the secret of Vinod&apos;s death from his family.,5.4,Action | Comedy | Drama,1992-07-31,death,,Shammi Kapoor | Vinod Khanna | Meenakshi Sheshadri,Kalpataru,Kader Khan | K.B. Pathak
Movie,Dushman Zamana,https://www.imdb.com/title/tt0193122/,https://m.media-amazon.com/images/M/MV5BYzJmM2IxZTctNTdjMy00MmQzLTk2NzUtMzQ5NGU3ZjliZDZjXkEyXkFqcGdeQXVyNTM3MDMyMDQ@._V1_.jpg,D.K. Narang is a wealthy businessman who lives with his only daughter Seema who is the apple of his eyes. She meets with Vijay; a poor letter-writer by profession and both fall in love with each other opting to get marry soon. Whe...,5,Action | Romance,1992-10-02,,PT2H9M,Arman Kohli | Divya Bharti | Gulshan Grover,Jagdish A. Sharma,
Movie,Badan,https://www.imdb.com/title/tt2918660/,,,,Thriller,1992-01-01,,,Harish | Shyamala,,
Movie,Pyar Deewana Hota Hain,https://www.imdb.com/title/tt2887890/,,,5.2,Romance,1992-01-01,,,Zaheer Rizvi | Saathi Ganguly | Pankaj Berry,Anand S. Vardhan,
Movie,Aasmaan Se Gira,https://www.imdb.com/title/tt0101262/,https://m.media-amazon.com/images/M/MV5BNzY2MmM4NGMtYTAxYi00ZjNjLWIwZDktMTgzZWE4MjNkYWQ1L2ltYWdlL2ltYWdlXkEyXkFqcGdeQXVyNjY1MTg4Mzc@._V1_.jpg,"A young prince frustrated with his royal lifestyle encounters a man, Trishanku, who has come from a far away planet. As their friendship blooms, they develop a deep bond with each other. But soon, Trishanku has to return to his ho...",7,Adventure | Comedy | Romance,1992-09-04,,PT1H28M,Abhishek Chitlangia | Raghuvir Yadav | Anupam Kher,Pankaj Parashar,
Movie,Mashooq,https://www.imdb.com/title/tt0403276/,https://m.media-amazon.com/images/M/MV5BYTYzMjMxZWQtZGVlYy00ZGNlLTkwOGMtODA2MWNjNTc3ODkwXkEyXkFqcGdeQXVyNjgyNDc4Mjc@._V1_.jpg,"Suman Rai informs her wealthy brothers, Kedarnath and Sandeep of her marriage with middle-class, Shankar Kumar, the one her brothers rejected. An angry Sandeep then picks up a gun and headed for the wedding venue only to enter int...",5.4,Drama | Romance,1992-07-10,"love,marriage,temple,revenge,jeep",,Ayub Khan | Ayesha Jhulka | Kiran Kumar,H.M. Mirza | Mahrukh Mirza | Shahrukh Mirza,H.M. Mirza | Mahrukh Mirza | Shahrukh Mirza
Movie,Dilwale Kabhi Na Hare,https://www.imdb.com/title/tt0400365/,https://m.media-amazon.com/images/M/MV5BMmI4Nzc5MzYtZTU3MS00MDlhLWE3YzItOGYyOThmNThlMmViXkEyXkFqcGdeQXVyNjgyNDc4Mjc@._V1_.jpg,"Rahul and Vijay are close friends, and have been so for quite sometime. Rahul meets with attractive Anjali, and both fall in love. Vijay also meets with Anjali and he, too, falls in love with her. When Rahul finds out that his bud...",4.1,Romance,,"love,painting,murder,conspiracy",PT3H30M,Rahul Roy | Prithvi Vazir | Nagma,V. Menon,Mahendra Dehlvi
Movie,Umar 55 Ki Dil Bachpan Ka,https://www.imdb.com/title/tt0407274/,https://m.media-amazon.com/images/M/MV5BMDg3MDg1ZTgtNzA0ZS00NjA1LTk1ZTQtMzhlODlkZmQ0OTQxXkEyXkFqcGdeQXVyNjY1MTg4Mzc@._V1_.jpg,"After Dhaniram distributes his wealth amoungst his children, they all turn arrogant and leave him. Just when Dhaniram is left helpless, his twin brother Maniram comes up with an ingenious plan.",4.4,Comedy | Drama | Romance,,,PT2H31M,Kader Khan | Akshay Anand | Ruchika Panday,Ajay Mehra,
Movie,Sone Ki Lanka,https://www.imdb.com/title/tt2656934/,https://m.media-amazon.com/images/M/MV5BNmM3MDFiYzYtMWE2ZC00N2U4LWExZmYtNTc5OTRlOTBjMTMyXkEyXkFqcGdeQXVyMjQ2MDI5ODE@._V1_.jpg,Kamal Rai saves life of his Bosss Sinha and gets promoted as a manager in the company but Kamal Rai eyes his wealth and overtakes all his wealth killing him leaving his son Mohit and wife on streets.Years later Mohit and Rohit are...,5.4,Action,1992-09-04,,,Jeetendra | Jaya Prada | Chunky Pandey,Ajay Kashyap,
Movie,Karmyoddha,https://www.imdb.com/title/tt0113527/,https://m.media-amazon.com/images/M/MV5BODBjYzE1MWUtZWI5Ni00Y2Q5LTk0NzEtYTJjMGZjOTQwNTI4XkEyXkFqcGdeQXVyODE5NzE3OTE@._V1_.jpg,,6.5,Action | Drama | Thriller,1992-01-17,"murder,police officer,police station",,Raj Babbar | Dimple Kapadia | Jaaved Jaaferi,Dayal Nihalani,
Movie,THIRUMATHI PALANISAMY,https://www.imdb.com/title/tt10137000/,https://m.media-amazon.com/images/M/MV5BMmNjNmY1OGEtNzgxNC00M2VlLWJiYTUtZDE4NGIwYTI0OTVlXkEyXkFqcGdeQXVyMjA4OTI5NDQ@._V1_.jpg,"Hamsaveni, a teacher, agrees to marry an illiterate man on the condition that she will stay with her ailing father after marriage. However, on the wedding night, he refuses to comply with her terms.",5.1,Drama,1992-10-25,,PT2H20M,Sathyaraj | Sukanya | Goundamani,R. Sundarajan,R. Sundarajan
Movie,Killer,https://www.imdb.com/title/tt0214853/,https://m.media-amazon.com/images/M/MV5BZGRhNDU3YWEtYjQ5ZS00OWFlLWE1ZjktNGFlNDA2Y2U1Nzc5XkEyXkFqcGdeQXVyMTEzNzg0Mjkx._V1_.jpg,"The palatial home of the former State Chief Minister is heavily guarded by armed men, and the three people living there have bodyguards who accompany them everywhere, even inside the house. One of the residents is Malvika, the wif...",6.1,Action | Crime | Drama,1992-01-10,"anti hero,assassin,hitman",PT2H40M,Nagarjuna Akkineni | Nagma | Sharada,Fazil,Fazil | M.V. Gopalram | Jandhyala
Movie,Sanam Tere Hain Hum,https://www.imdb.com/title/tt0364645/,,,,Action | Romance,,,,Rakesh Bedi | Rita Bhaduri | Prem Chopra,V. Menon,
Movie,Siyasat,https://www.imdb.com/title/tt0425459/,https://m.media-amazon.com/images/M/MV5BYzQ5MjhlMWMtOGVmZS00ZjQ0LWIwNjQtOGFhNWJlMzdlNzAxXkEyXkFqcGdeQXVyODcxMDYxMDM@._V1_.jpg,This film is a bad remake of 1987 movie The Untouchables,5.7,Action | Drama,,remake,,Kumar Gaurav | Kimi Katkar | Shashi Ranjan,Sukhwant Dhadda,
Movie,Laat Saab,https://www.imdb.com/title/tt0104660/,https://m.media-amazon.com/images/M/MV5BMDNkZmQ2ZjUtMjQzOC00MGU1LWExZjktODZkNzEyYmU4ZTUwXkEyXkFqcGdeQXVyNTM3MDMyMDQ@._V1_.jpg,"Vijay follows Anju to Bombay from Shimla, where he gets the news from her father that she died three years ago.",3,Action | Crime | Drama,,father,PT2H6M,Ishrat Ali | Govardhan Asrani | Sharokh Bharucha,Sunil Agnihotri,Sabir Mustaffa
Movie,Kisme Kitna Hai Dum,https://www.imdb.com/title/tt0364462/,https://m.media-amazon.com/images/M/MV5BZDM4NmJkYjItNzcyYS00ZTRlLTg0NDgtYjc2N2Q5ZGMwMTdmXkEyXkFqcGdeQXVyMTA4Njk3Mjcw._V1_.jpg,,6,Action,,,,Sadashiv Amrapurkar | Danny Denzongpa | Dan Dhanoa,Mahendra Sandhu,
Movie,Yeh Raat Phir Na Aayegi,https://www.imdb.com/title/tt0397741/,https://m.media-amazon.com/images/M/MV5BMzJmYWFiZTEtZDdiMC00MzY3LTg5MTktYjkxMzMwYmFjY2MwXkEyXkFqcGdeQXVyNTM3MDMyMDQ@._V1_.jpg,"After discovery of skeletal remains at an excavation site, a woman known to be deceased for over 2 centuries mysteriously re-surfaces to claim her lover.",3.6,Horror,1992-10-15,,PT1H57M,Jeetendra | Meenakshi Sheshadri | Sadashiv Amrapurkar,Nusrat Sayyed,Nusrat Sayyed
Movie,Yudhpath,https://www.imdb.com/title/tt0403707/,https://m.media-amazon.com/images/M/MV5BYTJlMTc5ZGUtM2U4Zi00Y2Y0LWFiNzEtNmQ0YmQyNGY3ZTQ0XkEyXkFqcGdeQXVyMjQ2MDI5ODE@._V1_.jpg,"Bansilal Choudhary lives a middle-classed lifestyle along with his wife and son, Karan. He works as a police inspector at the Hari Nagar Police Station and would like his son to be an IPS Officer and follow in his footsteps. Unfor...",4.1,Action | Crime | Drama,1992-03-27,,,Sudesh Berry | Ekta Sohini | Mohnish Behl,Ravie Ravan Kathuria,Ravie Ravan Kathuria | Baba Khan
Movie,Lambu Dada,https://www.imdb.com/title/tt1095011/,https://m.media-amazon.com/images/M/MV5BYTQyM2NhZDQtZjg0ZS00N2JjLWE4YjktYTYwODkzOWVlM2ViXkEyXkFqcGdeQXVyNTM3MDMyMDQ@._V1_.jpg,,5,Action | Crime | Drama,,"moral transformation,criminal,change of heart,character name in title",PT2H22M,Master Akash | Mahesh Anand | Kabir Bedi,Sharad Chaudhary,Sharad Chaudhary | K.B. Pathak | Salim Raza
Movie,Parasmani,https://www.imdb.com/title/tt0437406/,https://m.media-amazon.com/images/M/MV5BODQ1Y2RiNmMtMTBlMy00M2M5LThhZDEtYWFmZTdlMDVhYmEyXkEyXkFqcGdeQXVyODE5NzE3OTE@._V1_.jpg,A belief of an ancient Temple that Lord Shiva &apos;s idol wasn&apos;t installed there but it appeared on its own and it has three eyes one of which has a miraculous Parasmani and it comes out only on Mahashivratri day and can turn iron int...,,Action | Adventure | Fantasy,1992-04-24,,,Sanjeeva | Madhuri | Goga Kapoor,Mohan T. Gehani,Mahendra Dehlvi
Movie,Dil Ne Ikaar Kiya,https://www.imdb.com/title/tt3633302/,https://m.media-amazon.com/images/M/MV5BODhmYzY5OTAtOTRmYS00MGU3LWI4OGItM2M5ZmRiN2QwM2RkXkEyXkFqcGdeQXVyNTgyMzIxMTY@._V1_.jpg,The story is a drama dealing with human emotions.,,Romance,1992-01-01,,,Suparna Anand | Ravi Behl | Rita Bhaduri,Partho Ghosh,
TVSeries,Ye Duniya Gazab Ki,https://www.imdb.com/title/tt5850004/,https://m.media-amazon.com/images/M/MV5BM2NlMWIwMmEtMGI4Ny00MTNkLWFmNGMtMmUxNWRkOTMyZTJlXkEyXkFqcGdeQXVyNjc1NDgwMTQ@._V1_.jpg,"A village simpleton Nihaal comes to the city, to collect his plot of land awarded by Raja Saheb (Tiku Talsania), but is overawed by the bureaucratic hassles he faces. Situations and incidents are presented in comic satire form in ...",8.6,Comedy,,"satire,satire comedy",,Sulabha Arya | Rakesh Bedi | Shail Chaturvedi,,
Movie,Insaaf Ki Devi,https://www.imdb.com/title/tt0363698/,https://m.media-amazon.com/images/M/MV5BNmYzMmY0M2YtMTg0Mi00MDQzLTk3MWUtNzhiNzM4ZDk4NWFkXkEyXkFqcGdeQXVyODE5NzE3OTE@._V1_.jpg,"Suraj Prakash is accused by a young woman named Sheela for allegedly sexually molesting her on the pretext of offering her a job overseas. He not only denies this, but accuses Sheela of making him deaf and mute. His lawyer, Kanoon...",3.1,Action,,,,Jeetendra | Rekha | Niraj,S.A. Chandrashekhar,Shabd Kumar
Movie,Naseebwaala,https://www.imdb.com/title/tt0364550/,https://m.media-amazon.com/images/M/MV5BNDYyMDAwMjUtODIwZi00MTdkLTg5OGItZjY1NzA0ZGVhYmEyXkEyXkFqcGdeQXVyNTM3MDMyMDQ@._V1_.jpg,"Shanti belongs to a poor family, and lives in small dwelling with three sons, Amar, Ashok, and Vinod, and two daughters, Sheela and Shobha. She arranges the marriage of Ashok, and Shobha, and would also like to get Sheela married ...",4.1,Drama,,"marriage,family relationships,mother son relationship,dowry",PT2H12M,Chunky Pandey | Nutan | Farha Naaz,Kalpataru,Iqbal Durrani | K.B. Pathak
Movie,Deewana Aashiq,https://www.imdb.com/title/tt2569392/,,,,Action,1992-04-05,,,Nutan | Pran Sikand | Gulshan Arora,Gulshan Arora,
Movie,Pyar Ka Tohfa,https://www.imdb.com/title/tt4411578/,,,,Thriller,1992-01-01,,,Poonam Dasgupta | Harish | Disco Shanti,,
Movie,Bank Robbery,https://www.imdb.com/title/tt2739562/,,,,Thriller,1992-01-01,,,Akshay Anand | Mohnish Behl | Ashwini Bhave,Ravie Ravan Kathuria,
Movie,Prem Daan,https://www.imdb.com/title/tt3455786/,https://m.media-amazon.com/images/M/MV5BOWU2ZGZhNmItOTM3YS00ZDk1LTgwZDEtN2U4MDYyZTE0NmEyXkEyXkFqcGdeQXVyODM5MzUzMTI@._V1_.jpg,"The movie has very simple story line , with the main character of Sima and Anand. Sima is a blind girl lives in village with her step mom and father. A persion come in thier viilage for work and see her situation,then he dicide to...",7.9,Romance,1992-01-01,"bandage over eyes,blind girl,eye surgery",,Nitish Bharadwaj | Kushboo | Abhinav Chaturvedi,Saawan Kumar Tak,
Movie,Pyar Hua Badnaam,https://www.imdb.com/title/tt4411764/,,,,Romance,1992-01-01,,,,Vicky Sharma,
Movie,Parda Hai Parda,https://www.imdb.com/title/tt0154992/,https://m.media-amazon.com/images/M/MV5BMWNlZDY5ZDEtY2ExMy00ZGU5LWI1YmItNzRkN2IwZGNjZDBmXkEyXkFqcGdeQXVyMzA4OTQ3MTQ@._V1_.jpg,The film revolves around four happy-go-lucky friends and the predicament they fall into when they cross paths with a new girl in their neighborhood.,7.7,Crime | Romance | Thriller,,girl,PT2H8M,Laxmikant Berde | Pankaj Dheer | Adi Irani,K. Bapaiah,
Movie,Sanam Aap Ki Khatir,https://www.imdb.com/title/tt2894210/,https://m.media-amazon.com/images/M/MV5BYzAzYmVmN2YtNjdlNC00NTZkLWFhYmQtM2RlZmE2NWE2YjQwXkEyXkFqcGdeQXVyNDQ0ODI2MQ@@._V1_.jpg,,,Romance,1992-01-01,,,Rakesh Bedi | Bhupendra | Deepika Chikhalia,,
Movie,Geet Milan Ke Gaate Rehenge,https://www.imdb.com/title/tt2678786/,https://m.media-amazon.com/images/M/MV5BOWRiNjlmMmEtZTZjMC00NDk4LWEzMWUtZjI5N2VkMGI0Nzc5XkEyXkFqcGdeQXVyNzQ1NjczMzI@._V1_.jpg,,,Romance,1992-08-21,,,Narendra Bedi | Mohan Choti | Dilip Dhawan,Qamar Haji Puri,
Movie,Rishta To Ho Aisa,https://www.imdb.com/title/tt0232536/,,,,,,,,Mahesh Raaj,Kalpataru,
Movie,Aswamedham,https://www.imdb.com/title/tt0257416/,https://m.media-amazon.com/images/M/MV5BMzgxN2VlMTEtYzY1ZC00MGQ1LTgwNTctOTE3ZDIxODllZWUyXkEyXkFqcGdeQXVyNzIxNjkxNDI@._V1_.jpg,"Abhimanyu (Shobhan Babu) is an honest IPS officer who arrests an international mafia don smuggler Vyaghra (Amrish Puri), but Vyaghra somehow escapes from the prison. Kiriti (Nandamuri Balakrishna) is a pilot younger brother of Abh...",7.1,Action | Drama,,,,Nandamuri Balakrishna | Sobhan Babu | Amrish Puri,K. Raghavendra Rao,Satyanand | Veerendranath Yandamoori
Movie,Jungle Ki Chandni,https://www.imdb.com/title/tt3551366/,https://m.media-amazon.com/images/M/MV5BZTZjZGY0YTgtODI3OS00NGIyLTk1M2QtNDk3YTZjMGY3MjQ5XkEyXkFqcGdeQXVyNTM3MDMyMDQ@._V1_.jpg,"Jungle Ki Chandni is a 2000 film, directed by Cross Belt Mani and produced by Krishna and Vijeya Raja. The film stars Ratish ,Sattat, Balan K.Nair,Anuradha, Madhuri and Jaya in lead roles. The film had musical score by Guna Singh.",,Thriller,1992-01-01,stars,PT1H34M,Anuradha | Jayamalini | Madhuri,,
Movie,Ganga Ka Vachan,https://www.imdb.com/title/tt0464964/,,,,Action,,,,Avtar Gill | Gulshan Grover | Irshad Hashmi,Gulshan Ashte,
Movie,Sahebzaade,https://www.imdb.com/title/tt0359926/,https://m.media-amazon.com/images/M/MV5BMWI3ODk0M2YtYmZkYS00NzM4LTlmYTktNDVjOTE5ZjQ0Y2YzXkEyXkFqcGdeQXVyMzU0NzkwMDg@._V1_.jpg,"Raja and Rahul are brothers living with their mother (Shardha) in a village located in the green hills of Himachal Pradesh. Incidently they love the same girl, Chinar. One of them sacrifices his love for his brother. First half of...",4.3,Action | Drama | Romance,1992-04-03,"love,revenge,unrequited love,rape,murder",,Sanjay Dutt | Neelam Kothari | Aditya Pancholi,Ajay Kashyap,Ranbir Pushp | K.K. Talwar
Movie,Kamsin,https://www.imdb.com/title/tt2679274/,,,,Romance,1992-11-06,,,Rita Bhaduri | Dan Dhanoa | Tina Ghai,,
Movie,Ganga Bani Shola,https://www.imdb.com/title/tt0396610/,,,5,Action | Thriller,1992-07-03,"rape and revenge,rape,revenge",,Firoz Irani | Jamuna | Goga Kapoor,Kanti Shah,
Movie,Aaplee Maanse,https://www.imdb.com/title/tt1006817/,https://m.media-amazon.com/images/M/MV5BMmJlOTM3ZjgtMTA3Yy00NmU3LWI1MjgtZWQ3MWM2MzBiZDQ1XkEyXkFqcGdeQXVyNjU2NDgyMzA@._V1_.jpg,"Raghunath is the only working member of his family living with his father,his wife Janaki and two children Anand and Rani,His family is more demanding towards him than his income but his wife controls everyone expenses and teaches...",7.3,Drama,1992-12-31,"father son relationship,presumed dead,unplanned pregnancy,train crash,selfishness",,Prashant Damle | Prajakta Dighe | Mohan Joshi,Sanjay Soorkar,
Movie,Main Hoon Geeta,https://www.imdb.com/title/tt2747116/,,,,Action,1992-01-01,,,Suraj Chaddha | Avtar Gill | Sanjeeva,Yash Chouhan,
Movie,Pitambar,https://www.imdb.com/title/tt2487104/,,,,Action,1992-05-01,,,Samir Chandra | Sunil Dhawan | Jagdeep,Imran,
Movie,Rowdy Inspector,https://www.imdb.com/title/tt1579691/,https://m.media-amazon.com/images/M/MV5BOTZmYTliZmItNGQwOS00NTRkLTg5YzYtMjQyMTVkNmZkM2QzXkEyXkFqcGdeQXVyMzU0NzkwMDg@._V1_.jpg,"A tough cop fights against criminals, even after they frame him for a murder.",6.9,Action | Drama,1992-03-02,"chase,rain,wedding,bicycle,female police officer",PT2H23M,Nandamuri Balakrishna | Annapoorna | Brahmanandam,Gopal B.,A. Pushpanand | Paruchuri Venkateswara Rao | Gopalakrishna Paruchuri
Movie,Abhi Abhi,https://www.imdb.com/title/tt2620112/,https://m.media-amazon.com/images/M/MV5BMDEyODQ2ZTgtZjIzMi00NGQ2LTg0NDctNGI3NDJjM2ZkMjk5L2ltYWdlL2ltYWdlXkEyXkFqcGdeQXVyNjM2OTk3MTY@._V1_.jpg,"Sagar and Priyanka study in the same college and soon fall in love until a named rival named Helmet, who hates love, decides to throw Sagar out of college.",,Romance,1992-11-27,love,,Soorya | Rubaina Khan | Mohnish Behl,Rajaram,
Movie,Meri Janeman,https://www.imdb.com/title/tt2655678/,,,,Romance,1992-01-01,,PT2H28M,Aparajita | Poonam Dasgupta | Shakti Kapoor,Chander Sharma,
Movie,Bandhu,https://www.imdb.com/title/tt2444258/,,Deepak (Abhishek) and his wife Neeta (Geetanjali) along with their son decide to leave the chaotic city Bombay and move to the mountains. In the village they start farming and lead a happy life. Ajit Kumar Bihari a vicious land lo...,7.9,Family,1992-08-29,,PT2H6M,Abhishek | Danny Denzongpa | Gitanjali,Ugyen Chhopel,Danny Denzongpa
Movie,Jawani Janeman,https://www.imdb.com/title/tt3146130/,,,,Romance,1992-01-01,,,Gajendra Chauhan | Viju Khote | Harish Magon,,
TVSeries,Inkaar,https://www.imdb.com/title/tt6603098/,,,,Drama,1992-01-01,,,Sudesh Berry | Anu Dhawan | Salim Ghouse,,
Movie,Dhaar,https://www.imdb.com/title/tt2891730/,,,,Action,1992-01-01,,PT2H16M,Alka | Sanjeev Chauhan | Sulabha Deshpande,Amar Bhattacharya,Amar Bhattacharya | Braj Bhushan
Movie,Dil Dhadke,https://www.imdb.com/title/tt5396488/,https://m.media-amazon.com/images/M/MV5BOTAwOTljNjAtYjg1Ni00MGZiLTkwOGMtZDEzYjI0NzM5MzI3XkEyXkFqcGdeQXVyNjgyNDc4Mjc@._V1_.jpg,,,Short | Comedy,1992-01-01,,,Pooja Bedi | Baba Sehgal,,
Movie,Rajoo Dada,https://www.imdb.com/title/tt2437560/,https://m.media-amazon.com/images/M/MV5BMjQ2MmViMmItNTUxNC00ZTU0LWJmNGYtNDU3MzNhMzkxYWI2XkEyXkFqcGdeQXVyODE5NzE3OTE@._V1_.jpg,,3.3,Action,1992-01-01,,PT2H5M,Mithun Chakraborty | Kaajal Kiran | Neeta Mehta,D.S. Azad,
Movie,Current,https://www.imdb.com/title/tt0273513/,https://m.media-amazon.com/images/M/MV5BNTAzOTI5OTMtNmNmMi00NGIzLWJmMzQtNmViYmRmMGIwMzc5XkEyXkFqcGdeQXVyNjY1MTg4Mzc@._V1_.jpg,"Velu owns a small sugarcane field and has immense faith in the establishment, in this case, the Electricity Board, to condone a delay in payment of his electricity bill. But when the power is severed he and his wife Sita are devas...",7.3,Drama,1992-02-14,faith,PT1H59M,Om Puri | Deepti Naval | Shreeram Lagoo,K. Hariharan,Onkar Nath Mishra
Movie,Night Queen,https://www.imdb.com/title/tt2897280/,,,,Thriller,1992-01-01,,,Ishrat Ali | Kiran Arora | Ranjeet Bedi,,
Movie,Gangwar,https://www.imdb.com/title/tt1579767/,,,,Action,,,,Giri Babu | Brahmanandam | Ashok Kumar K.,Kodi Ramakrishna,
Movie,Naalaya Seithi,https://www.imdb.com/title/tt10137020/,,"Manmadan investigates the case of a dead officer and ends up falling in love with the daughter of the deceased man. Soon, he suspects that there is a larger conspiracy that needs his attention.",,Drama,1992-10-08,conspiracy,PT2H26M,Amala Akkineni | Prabhu,G.B. Vijay | Vijayan,
Movie,Gunda Gang,https://www.imdb.com/title/tt2894516/,https://m.media-amazon.com/images/M/MV5BOWRhYWZiNmMtNzdlNy00ZGI4LTg4NTItZDQ2NTg5N2QzYmRmXkEyXkFqcGdeQXVyMjM5NDM1MTE@._V1_.jpg,,7.3,Action,1992-01-01,,PT2H20M,Mohan Babu | Sharda | Vijayshanti,A. Kodandarami Reddy,
Movie,Naya Sawan,https://www.imdb.com/title/tt3606782/,,"Kavita (Ashwini Bhave) is a lead singer of a boy band consisting of four member Javed Jaffrey,Laxmikanth Berde,Asif Sheikh and Sahil Chaddha. She has a a very close friendship with the boys.But after her marriage her husband suspe...",,Romance,1992-01-01,,,Laxmikant Berde | Ashwini Bhave | Bharat Bhushan,K.R. Reddy,
Movie,Shivanaga,https://www.imdb.com/title/tt1339498/,https://m.media-amazon.com/images/M/MV5BNmIzMDhhZmMtZWYxNi00ZmI5LWI1MzctYTkxMTlhY2JiNGQ0XkEyXkFqcGdeQXVyMTEzNzg0Mjkx._V1_.jpg,,,,,,PT2H13M,Arjun Sarja | Doddanna | Mukhyamantri Chandru,K.S.R. Das,K.S.R. Das | M.D. Sundar | Chi Udayashankar
Movie,Aurat Aur Parinda,https://www.imdb.com/title/tt2894496/,,,,Thriller,1992-01-01,,,Poonam Dasgupta | Ramji Shekher,,
Movie,Shazadi,https://www.imdb.com/title/tt2999052/,,,,Drama,1992-01-01,,,Tinnu Anand | Arun Bakshi | Raj Kishore,A. Habib,
Movie,Meera Ke Girdhar,https://www.imdb.com/title/tt2751148/,https://m.media-amazon.com/images/M/MV5BMmNmNjA3OGQtZGMxNy00ZTBhLWI5M2EtMjAzODQxMTdjZmExXkEyXkFqcGdeQXVyOTUyNjcwOTY@._V1_.jpg,,,Drama,1992-01-01,,,Upasna Khosla | Viren Mathan | Parikshit Sahni,,
Movie,Sooraj Mukhi,https://www.imdb.com/title/tt2780458/,https://m.media-amazon.com/images/M/MV5BNGU1Yjg1ZjQtODk0ZS00MmViLTg3OTgtYzVmYmVkYWUwOWZmXkEyXkFqcGdeQXVyMTQ4NTY5NDQ2._V1_.jpg,Soorjmukhi (Sunflower) represents the human aspirations; with its face always looking towards the Sun. Characters of this movie are the projections of the same philosophy.,8.2,Drama | Family | Musical,1992-01-10,,,Parikshit Sahni | Rehana Sultan | Kunal Kapoor,Y.P. Babul,Shardanand Tiwary | Y.P. Babul | Alka Sinha
Movie,Aaj Ki Raat,https://www.imdb.com/title/tt3549616/,,,,Thriller,1992-01-01,,,Madhuri | Pratap | Raghu,,
Movie,Seeta Salma Suzy,https://www.imdb.com/title/tt2894356/,,,,Action,1992-01-01,,,S.D. Banerjee | Rita Bhaduri | Sudha Chandran,Qamar Narvi,
Movie,Ishq Ka Toofan,https://www.imdb.com/title/tt3551340/,,,,Romance,1992-01-01,,,,,
Movie,Do Hanso Ka Joda,https://www.imdb.com/title/tt2674306/,https://m.media-amazon.com/images/M/MV5BYTc4ZTc4YjgtNDE3Ny00ZTczLWE0ZmItNzY1OTllYjIxZmIyXkEyXkFqcGdeQXVyODMyMDA2MjQ@._V1_.jpg,,,Romance,1992-01-01,,,Beena Banerjee | Kanchan | Anupam Kher,Anup Malik,
Movie,Sachcha Pyar,https://www.imdb.com/title/tt3877418/,,,,Romance,1992-01-01,,,,Poornachandra Rao Atluri,
Movie,Main Hoon Sherni,https://www.imdb.com/title/tt2679074/,,"Evil Thakur, Neta and Daku Bhura rape village girl Ganga. Daku Hanuman saves her life helps her take revenge with his daughter Bijli. Ganga&apos;s brother SP Amar is sent to stop her.",,Action,1992-01-01,,,Feroz Irani | Kiran Kumar | Johny Lever,Suresh Bohra,
Movie,Bahu Beta Aur Maa,https://www.imdb.com/title/tt2724602/,,,,Drama,1992-01-01,,,Asha Chandra | Farida Jalal | Satish Kaul,,
Movie,Pyas Bujhti Nahin,https://www.imdb.com/title/tt2894658/,,,,Thriller,1992-01-01,,,Aiyappan | Disco Shanti | Silk Smitha,,
Movie,Rishte Ke Deewar,https://www.imdb.com/title/tt2909206/,,,,Drama,1992-01-01,,,Kamini Kaushal | Datta Keshav,,
TVSeries,Mama Ji,https://www.imdb.com/title/tt9114314/,,,,Comedy,1992-01-01,,,Deven Verma,,
Movie,Kabhi Dhoop Kabhi Chhaon,https://www.imdb.com/title/tt3146134/,,,,Drama,1992-01-01,,,Satyendra Kapoor | Rakesh Pandey | Dina Pathak,Basu Bhattacharya,
Movie,Prema Sikharam,https://www.imdb.com/title/tt0350525/,https://m.media-amazon.com/images/M/MV5BOGJmYmJiMDctYzZjMi00Mjg4LTkyYjUtZWU0MDFlNTdjYzk0XkEyXkFqcGdeQXVyOTk3NTc2MzE@._V1_.jpg,"Prashanth and Preeti are madly in love with each other. When her father opposes their relationship, they decide to fight against all odds to unite.",7.4,Comedy | Drama | Family,,love,,C. Arunpandian | Brahmanandam | Uttej,Satya Gopal Bhatnagar,
Movie,Nafrat Ki Deewar,https://www.imdb.com/title/tt3552132/,,,,Action,1992-01-01,,,Victor Banerjee | Prasenjit Chatterjee | Utpal Dutt,Sujit Guha,
Movie,Laal Ghaas Par Neele Ghode,https://www.imdb.com/title/tt12234578/,,,,History,1992-01-01,,,Irrfan Khan | Sutapa Sikdar | Mita Vashisht,,
Movie,Giraft,https://www.imdb.com/title/tt4428606/,,,,Thriller,1992-01-01,,,Shagufta Ali | Hemant Birje | Mukesh Khanna,S.U. Syed,
Movie,Darinda,https://www.imdb.com/title/tt4979558/,,,,Action,1992-01-01,,,Jagapathi Babu | Bhanuchander | Kaveri,,
Movie,Pyaasi Mohabbat,https://www.imdb.com/title/tt3557924/,,,,Thriller,1992-01-01,,,Anuradha | Janardanan | Pramila,,
Movie,Mangni,https://www.imdb.com/title/tt2731296/,,,,Drama,1992-01-01,,,Raja Bundela | Sahil Chaddha | Pallavi Joshi,B.R. Ishara,
Movie,Manju Ka Pyar,https://www.imdb.com/title/tt3551674/,,,,Romance,1992-01-01,,,,,
Movie,Aarya,https://www.imdb.com/title/tt4417696/,,,,Romance,1992-01-01,,,,Mani Nair,
Movie,Pandi Durai,https://www.imdb.com/title/tt10133754/,https://m.media-amazon.com/images/M/MV5BMWM5NzM0OGUtNzAxNC00MTI1LTkzMjMtZGUyNjRkM2Y0ODU3XkEyXkFqcGdeQXVyMjA4OTI5NDQ@._V1_.jpg,,4.8,Drama,1992-01-15,,,Goundamani | Mansoor Ali Khan | Kushboo,Manojkumar,
Movie,Ishq Khuda Hain,https://www.imdb.com/title/tt3146112/,,,,Romance,1992-01-01,,,Tinnu Anand | Dan Dhanoa | Goga Kapoor,,
Movie,Basanti Tangewali,https://www.imdb.com/title/tt0396491/,,This movie is about the story of Basanti from the super hit Hindi movie Sholay. From the perspective of Basanti being the main protagonist.,4.8,Action | Thriller,1992-05-01,,,Ishrat Ali | Sadashiv Amrapurkar | Avtar Gill,Kanti Shah,
Movie,Devi Aur Durga,https://www.imdb.com/title/tt3549654/,https://m.media-amazon.com/images/M/MV5BNjk3ZjUxNzItNmRjNy00MzU1LTllNjctYzUyMGFkMjFhZTQ2XkEyXkFqcGdeQXVyNTM3MDMyMDQ@._V1_.jpg,,5.2,Drama,1992-01-01,,PT1H37M,Kitu Gidwani | Kanagana | Ravi,Ramanarayanan,
TVSeries,Gulmohar West,https://www.imdb.com/title/tt6574356/,,,,Drama,1992-01-01,,,Tinnu Anand | Benjamin Gilani | Kalpana Iyer,,
Movie,Ye Hai Ghar Ki Mahabharata,https://www.imdb.com/title/tt2703698/,,,,Drama,1992-01-01,,,Raj Babbar | Jaya Prada | Raja Babu,Chander Sharma,
TVSeries,Yeh Gulistan Hamara,https://www.imdb.com/title/tt6603074/,,,,Drama,1992-01-01,,,Dilip Kumar | Parikshit Sahni | Rama Vij,,
Movie,Daku Aur Police,https://www.imdb.com/title/tt0449893/,,,,,,,,Salma Agha | Brando Bakshi | Kabir Bedi,Johny Bakshi,
Movie,S P Teja,https://www.imdb.com/title/tt3635516/,,,,Action,1992-01-01,,,Sri Ram Kumar | Kushboo | Jaya Prada,Sri Ram Kumar,
TVSeries,All the Best,https://www.imdb.com/title/tt7593378/,,,,Sport,1992-01-01,,,Shakti Kapoor | Vinod Khanna | Anupam Kher,,
Movie,Karna,https://www.imdb.com/title/tt6619954/,,,,Action,1992-01-01,,,Sunil Kapoor | Ankush Mohit | Farha Naaz,Shurjee Mukherjee | Surjoe Mukherjee,
Movie,Shaadi Se Pahle Tabahi,https://www.imdb.com/title/tt3559580/,,,,Drama,1992-01-01,,,Prathapachandran | VKR Rashi | Sharmilee,,
TVSeries,Namaskar,https://www.imdb.com/title/tt9099340/,,,,Drama,1992-01-01,,,Arun Dubey | Dinesh Hingoo | Kalpana Iyer,,
Movie,Diwani Jawani,https://www.imdb.com/title/tt4675840/,,,,Romance,1992-01-01,,,Ranjeet Bedi | Shafi Inamdar | Yunus Parvez,S.M. Abbas | M.A. Asravi,
Movie,Jungle Mein Mastiyaan,https://www.imdb.com/title/tt3673394/,,,,Thriller,1992-01-01,,,Anuradha,,
Movie,Adhure Khwaab,https://www.imdb.com/title/tt4786784/,,,,Drama,1992-01-01,,,Sarbjeet Dhaliwal | Rick Khalsi | Monica,Sarbjeet Dhaliwal,
Movie,Pyar Ka Maza,https://www.imdb.com/title/tt3000990/,,,,Thriller,1992-01-01,,,Abhilasha | Salina Mathu | Saku Raman,,
TVSeries,Arjun Pandit,https://www.imdb.com/title/tt7235528/,,,,Drama,1992-01-01,,,Raghuvir Yadav,,
Movie,Pattyabartan,https://www.imdb.com/title/tt18290988/,,,,Drama,1992-01-01,,,Prasenjit Chatterjee | Indrani Dutta,,
Movie,DAHEJ,https://www.imdb.com/title/tt7711900/,https://m.media-amazon.com/images/M/MV5BZmI1NmU3ZDAtMTQ2YS00ZGM3LTk1ZWItYTA5NWI5NzYxOTA2XkEyXkFqcGdeQXVyMjUyMjg1OTM@._V1_.jpg,,,Documentary | Short,1992-01-26,,,,K.K. Shahi,K.K. Shahi
Movie,Jai Ho Maihar Dham Ki,https://www.imdb.com/title/tt2891816/,,STory of two couple who is suffering from different kind of sickness.,,Drama,1992-01-01,couple,,Bandini Mishra | Bina Roy,,
Movie,Kasam Kanoon Ki,https://www.imdb.com/title/tt3366698/,,,,Action,1992-01-01,,,Gautami | Disco Shanti | B. Thyagarajan,,
Movie,Police Lock Up,https://www.imdb.com/title/tt4540998/,,,,Action,1992-01-01,,,Avinash | Doddanna | Kavya,K.V. Raju,K.V. Raju
TVSeries,Hero,https://www.imdb.com/title/tt6820508/,,,,Comedy,1992-01-01,,,Kishore Bhanushali | Urmila Bhatt | Dinesh Hingoo,,
Movie,Balidan,https://www.imdb.com/title/tt3562384/,,,,Drama,1992-01-01,,,,,
Movie,Anjaane Log,https://www.imdb.com/title/tt4656678/,,,,Drama,1992-01-01,,,Arun Govil | Goga Kapoor | Pinchoo Kapoor,T.P. Jhunjhunwala,
Movie,Vajraghat,https://www.imdb.com/title/tt2894412/,,,,Drama,1992-01-01,,,Tom Alter | Sudhir Dalvi | Gulshan Grover,Rajan Thakur,
Movie,Pehali Bhool,https://www.imdb.com/title/tt3552172/,,,,Thriller,1992-01-01,,,,,
Movie,Fauladi Taqdeer,https://www.imdb.com/title/tt4489010/,,,,Action,1992-01-01,,,,,
Movie,Nights on Fire,https://www.imdb.com/title/tt6847404/,,,,Short | Musical,1992-01-01,,,Anu Kuttoor | Gary Lawyer,,
Movie,Kal Ki Baatein,https://www.imdb.com/title/tt3551308/,,,,Drama,1992-01-01,,,,,
Movie,Mera Farz Mera Karz,https://www.imdb.com/title/tt2891832/,,,,Action,1992-01-01,,,Chiranjeevi | Radha | Allu Ramalingaiah,A. Kodandarami Reddy,
Movie,Jethaa,https://www.imdb.com/title/tt2637582/,,,,Action,1992-01-01,,,Salma Agha | Ranjeet Bedi | Sunil Dhawan,Dinesh Saxena,
Movie,Kamlabai,https://www.imdb.com/title/tt0104595/,,"Interviews with actress Kamlabai Gokhale, Marathi stage and film actress and Dadasheb Phalke film clips.",8.4,Documentary,,actress,PT46M,Kamlabai Gokhale,Reena Mohan,
Movie,Dilli Ka Dada,https://www.imdb.com/title/tt3562444/,,,,Action,1992-01-01,,,Jeevan Kala | Nishi Kohli | Leela Mishra,R S Tara,
TVSeries,Ajube,https://www.imdb.com/title/tt5268906/,,,,Fantasy,1992-01-01,,,Shammi Kapoor | Ranjeeta Kaur | Navin Nischol,,
Movie,Kaal Bhairav,https://www.imdb.com/title/tt5255890/,,,,Drama,1992-01-01,,,Raja Bundela,,
Movie,Aahuti,https://www.imdb.com/title/tt8456210/,https://m.media-amazon.com/images/M/MV5BMzllNDJkNmMtZTA5ZC00Yjk4LTg1YjUtNzM4MzZjYzg0OWRkXkEyXkFqcGdeQXVyODgzNTc3MDE@._V1_.jpg,,,Drama,,,,Arun Bali,Rajendra Bhatia,Rajendra Bhatia
TVSeries,Sikka Badal Gaya,https://www.imdb.com/title/tt7415832/,,,,Drama,1992-01-01,,,Surendra Bhandari | Rajendranath Malhotra | Shaleen Singh,,
Movie,Apradhini,https://www.imdb.com/title/tt2891862/,,,,Action,1992-01-01,,,Vikas Anand | Leena Das | Raja Duggal,Vinod Sharma,
Movie,Aadi Shakti,https://www.imdb.com/title/tt4417702/,,,,Action,1992-01-01,,,Raza Murad | Yunus Parvez,Govind Singh,
Movie,Balidan,https://www.imdb.com/title/tt4431212/,,,,Drama,1992-01-01,,,,,
Movie,Rakto Lekha,https://www.imdb.com/title/tt10137328/,,,,Action,1992-02-14,,,,Ram Mukerji,
Movie,Sapnon Ki Raatein,https://www.imdb.com/title/tt3559610/,,,,Drama,1992-01-01,,,Ahmed | Kunchan | Kuthiravattam Pappu,P K Radhakrishnan,
TVSeries,Aahuti,https://www.imdb.com/title/tt5298362/,,,,Drama,1992-01-01,,,Sooraj Chadha | Sudha Chandran | Bob Christo,,
Movie,Agar Aap Chahein,https://www.imdb.com/title/tt1846460/,,,,Family,1992-10-01,,,Makrand Deshpande,Mazahir Rahim,Mazahir Rahim
Movie,Hayratt,https://www.imdb.com/title/tt2747084/,https://m.media-amazon.com/images/M/MV5BNGZhN2JkYTUtYTlkMy00MGRmLTkzOGEtZTMxZGYzNDkxMTNiXkEyXkFqcGdeQXVyODE5NzE3OTE@._V1_.jpg,,,Thriller,1992-01-01,,,Rakesh Bedi | Anil Dhawan | Sonika Gill,Kirti Rawal,
TVSeries,Lok Gatha,https://www.imdb.com/title/tt0156219/,,An assorted collection of some of the finest folk tales imbibed with wit and wisdom from across India.,,Animation,,,,,,
Movie,Benaam Rishte,https://www.imdb.com/title/tt2706294/,https://m.media-amazon.com/images/M/MV5BZDM4YWJlNWUtZmJkOS00OWE3LWFmZDYtNjcwOGI3NDgzZjU0XkEyXkFqcGdeQXVyODQ2ODg1NTc@._V1_.jpg,,,Drama,1992-05-22,,,Mohan Bhandari | Anil Dhawan | Madan Jain,Shyam Gupta,
Movie,Kaaki,https://www.imdb.com/title/tt4206190/,,,,Drama,1992-01-01,,,,,
Movie,Tulsidas,https://www.imdb.com/title/tt0155297/,https://m.media-amazon.com/images/M/MV5BM2Q1ODllNWUtNWM5OC00OGE1LTkyZGUtY2U5MGFkM2MxNGRjXkEyXkFqcGdeQXVyODE5NzE3OTE@._V1_.jpg,,,,,,,Dinesh Hingoo | Viju Khote | Navni Parihar,Atma Ram,
Movie,Jadu Bhare Naina,https://www.imdb.com/title/tt3146144/,,,,Romance,1992-01-01,,,Rita Bhaduri | Poonam Dasgupta | Anil Dhawan,,
Movie,Jawani Ke Sapne,https://www.imdb.com/title/tt2881868/,,,,Thriller,1992-01-01,,,Harish | Uma Maheshwari,,
Movie,The Real Angaar,https://www.imdb.com/title/tt4979564/,https://m.media-amazon.com/images/M/MV5BYjg5NTIzODMtOWVlNy00NmQ0LTg0MzItOTMxMWJiZGQzMzljXkEyXkFqcGdeQXVyODQyNTY1OTM@._V1_.jpg,,,Action,1992-01-01,,,Aparna | Venkatesh Daggubati,,
Movie,Shauqeen Haseena,https://www.imdb.com/title/tt3557948/,,,,Thriller,1992-01-01,,,Karthik | Mahesh | Radha,,
Movie,Aaj Ki Taaqat,https://www.imdb.com/title/tt0363408/,,,,,,,,Jaya Mathur | Anil Nagrath | Sunil Puri,Anil Nagrath,
TVSeries,Pukar,https://www.imdb.com/title/tt6603138/,,,,Drama,1992-01-01,,,Dilip Dhawan | Anita Kanwar,,
Movie,Pyar Bhara Khat,https://www.imdb.com/title/tt5255898/,,,,Romance,1992-01-01,,,,Ravinder Singh,
Movie,Aaj Ka Parshuram,https://www.imdb.com/title/tt3001214/,,,,Action,1992-01-01,,,Nagendra | Disco Shanti,Satya Murthy G.,
TVSeries,Manzilien,https://www.imdb.com/title/tt6574326/,,,,Drama,1992-01-01,,,Malvika Tiwari,,
Movie,Gori,https://www.imdb.com/title/tt2674246/,,,,Romance,1992-01-01,,,Sadashiv Amrapurkar | Bindu Desai | Anupam Kher,Sudhakar Sharma,
Movie,Mera Gawah Bhagwan,https://www.imdb.com/title/tt3146128/,,,,Drama,1992-01-01,,,Karthik | Kushboo,R. Raghu,
Movie,Bombay Ka Raja,https://www.imdb.com/title/tt4658684/,,,,Action,1992-01-01,,,,Pradeep Khanna,
Movie,Kanoon Aur Sazaa,https://www.imdb.com/title/tt2971592/,,,,Action,1992-01-01,,,Chiranjeevi | Satya Narayan | Radha,Raj Bharat,
Movie,Aaj Ka Gunda,https://www.imdb.com/title/tt2894526/,,,,Action,1992-01-01,,,,,
TVSeries,Mayavi Jaal,https://www.imdb.com/title/tt0268828/,,,,,,,,,,
Movie,Gunehgar,https://www.imdb.com/title/tt4979574/,,,,Action,1992-01-01,,,Laxmi | Prabhu | Sukanya,,
Movie,Happy Birth Day,https://www.imdb.com/title/tt15458702/,https://m.media-amazon.com/images/M/MV5BMmJlODViNDctMjUwNi00MDI3LTgwYmUtNTQ4YWVjZDRjOTM2XkEyXkFqcGdeQXVyMjczMzU3OTQ@._V1_.jpg,,,Drama,,,,Kanu Behl | Lalit Behl | Navnindra Behl,Lalit Behl,Lalit Behl | Navnindra Behl
Movie,Maut Ki Keemat,https://www.imdb.com/title/tt5656032/,,,,Thriller,1992-01-01,,,Vijay Arora | Mohan Bhandari | Deepti Naval,Jyoti Swaroop,
Movie,Khel Badnaami Ke,https://www.imdb.com/title/tt3673420/,,,,Thriller,1992-01-01,,,Kapil Dev | Kapil Karzan | Portha,,
TVSeries,Zee News,https://www.imdb.com/title/tt0401080/,,,,,,,,Sheeraz Hasan,,
Movie,Prayashchit,https://www.imdb.com/title/tt3555904/,,,,Drama,1992-01-01,,,Ajay | Surendra Gupta | Navni Parihar,Kuldeep Bakshi,
Movie,Jai Jai Durga Maa,https://www.imdb.com/title/tt4979570/,,,,Drama,1992-01-01,,,Disco Shanti | Yamuna,,
Movie,Shaadi Ke Sapne,https://www.imdb.com/title/tt3559594/,,,,Drama,1992-01-01,,,,,
Movie,Pandit Bhimsen Joshi,https://www.imdb.com/title/tt0216064/,,,8.3,Documentary,,,,,Gulzar,
Movie,Nagin Aur Lootere,https://www.imdb.com/title/tt0778790/,,"A married couple had prayed for years for a child to be born to them, in vain. Then one day, the wife prays to Lord Naagraj (Snake God), who appears before her and grants her wish. Soon a boy is born in their household, and named ...",4.2,Fantasy | Musical,,"snake,mountain,snake charmer,dance,handicapped",,Neelima Azim | Goga Kapoor | Shakti Kapoor,Mohan T. Gehani,Mahendra Dehlvi
Movie,Bedardi Sanam,https://www.imdb.com/title/tt4658694/,,,,Romance,1992-01-01,,,,,
